annotator_id,prompt_id,seed_id,cited,submitted_at
A1,N0P105,SEED_1,0,2026-06-07 05:17:10.611903+00
A1,N0P105,SEED_10,1,2026-06-07 05:17:10.611903+00
A1,N0P105,SEED_101,0,2026-06-07 05:17:10.611903+00
A1,N0P105,SEED_105,1,2026-06-07 05:17:10.611903+00
A1,N0P105,SEED_106,0,2026-06-07 05:17:10.611903+00
A1,N0P105,SEED_107,0,2026-06-07 05:17:10.611903+00
A1,N0P105,SEED_11,1,2026-06-07 05:17:10.611903+00
A1,N0P105,SEED_111,1,2026-06-07 05:17:10.611903+00
A1,N0P105,SEED_115,0,2026-06-07 05:17:10.611903+00
A1,N0P105,SEED_117,0,2026-06-07 05:17:10.611903+00
A1,N0P105,SEED_21,0,2026-06-07 05:17:10.611903+00
A1,N0P105,SEED_28,0,2026-06-07 05:17:10.611903+00
A1,N0P105,SEED_31,0,2026-06-07 05:17:10.611903+00
A1,N0P105,SEED_38,0,2026-06-07 05:17:10.611903+00
A1,N0P105,SEED_4,1,2026-06-07 05:17:10.611903+00
A1,N0P105,SEED_47,0,2026-06-07 05:17:10.611903+00
A1,N0P105,SEED_48,0,2026-06-07 05:17:10.611903+00
A1,N0P105,SEED_50,0,2026-06-07 05:17:10.611903+00
A1,N0P105,SEED_51,1,2026-06-07 05:17:10.611903+00
A1,N0P105,SEED_58,0,2026-06-07 05:17:10.611903+00
A1,N0P105,SEED_60,1,2026-06-07 05:17:10.611903+00
A1,N0P105,SEED_7,1,2026-06-07 05:17:10.611903+00
A1,N0P105,SEED_70,0,2026-06-07 05:17:10.611903+00
A1,N0P105,SEED_72,0,2026-06-07 05:17:10.611903+00
A1,N0P105,SEED_81,0,2026-06-07 05:17:10.611903+00
A1,N0P105,SEED_83,0,2026-06-07 05:17:10.611903+00
A1,N0P105,SEED_87,0,2026-06-07 05:17:10.611903+00
A1,N0P105,SEED_89,0,2026-06-07 05:17:10.611903+00
A1,N0P105,SEED_97,1,2026-06-07 05:17:10.611903+00
A1,N0P105,SEED_99,0,2026-06-07 05:17:10.611903+00
A1,N0P111,SEED_0,1,2026-06-07 05:14:25.351321+00
A1,N0P111,SEED_101,1,2026-06-07 05:14:25.351321+00
A1,N0P111,SEED_104,0,2026-06-07 05:14:25.351321+00
A1,N0P111,SEED_107,0,2026-06-07 05:14:25.351321+00
A1,N0P111,SEED_108,0,2026-06-07 05:14:25.351321+00
A1,N0P111,SEED_111,0,2026-06-07 05:14:25.351321+00
A1,N0P111,SEED_113,0,2026-06-07 05:14:25.351321+00
A1,N0P111,SEED_13,0,2026-06-07 05:14:25.351321+00
A1,N0P111,SEED_17,0,2026-06-07 05:14:25.351321+00
A1,N0P111,SEED_25,0,2026-06-07 05:14:25.351321+00
A1,N0P111,SEED_31,0,2026-06-07 05:14:25.351321+00
A1,N0P111,SEED_32,0,2026-06-07 05:14:25.351321+00
A1,N0P111,SEED_38,1,2026-06-07 05:14:25.351321+00
A1,N0P111,SEED_41,0,2026-06-07 05:14:25.351321+00
A1,N0P111,SEED_42,1,2026-06-07 05:14:25.351321+00
A1,N0P111,SEED_46,0,2026-06-07 05:14:25.351321+00
A1,N0P111,SEED_48,1,2026-06-07 05:14:25.351321+00
A1,N0P111,SEED_50,0,2026-06-07 05:14:25.351321+00
A1,N0P111,SEED_55,0,2026-06-07 05:14:25.351321+00
A1,N0P111,SEED_56,0,2026-06-07 05:14:25.351321+00
A1,N0P111,SEED_58,1,2026-06-07 05:14:25.351321+00
A1,N0P111,SEED_63,1,2026-06-07 05:14:25.351321+00
A1,N0P111,SEED_76,1,2026-06-07 05:14:25.351321+00
A1,N0P111,SEED_77,1,2026-06-07 05:14:25.351321+00
A1,N0P111,SEED_78,0,2026-06-07 05:14:25.351321+00
A1,N0P111,SEED_79,0,2026-06-07 05:14:25.351321+00
A1,N0P111,SEED_80,0,2026-06-07 05:14:25.351321+00
A1,N0P111,SEED_83,0,2026-06-07 05:14:25.351321+00
A1,N0P111,SEED_88,0,2026-06-07 05:14:25.351321+00
A1,N0P111,SEED_92,0,2026-06-07 05:14:25.351321+00
A2,N0P1,SEED_0,1,2026-06-09 00:53:43.004398+00
A2,N0P1,SEED_102,0,2026-06-09 00:53:43.004398+00
A2,N0P1,SEED_118,0,2026-06-09 00:53:43.004398+00
A2,N0P1,SEED_15,1,2026-06-09 00:53:43.004398+00
A2,N0P1,SEED_2,1,2026-06-09 00:53:43.004398+00
A2,N0P1,SEED_25,0,2026-06-09 00:53:43.004398+00
A2,N0P1,SEED_28,0,2026-06-09 00:53:43.004398+00
A2,N0P1,SEED_29,0,2026-06-09 00:53:43.004398+00
A2,N0P1,SEED_31,1,2026-06-09 00:53:43.004398+00
A2,N0P1,SEED_39,1,2026-06-09 00:53:43.004398+00
A2,N0P1,SEED_43,0,2026-06-09 00:53:43.004398+00
A2,N0P1,SEED_47,0,2026-06-09 00:53:43.004398+00
A2,N0P1,SEED_51,0,2026-06-09 00:53:43.004398+00
A2,N0P1,SEED_56,1,2026-06-09 00:53:43.004398+00
A2,N0P1,SEED_57,1,2026-06-09 00:53:43.004398+00
A2,N0P1,SEED_66,1,2026-06-09 00:53:43.004398+00
A2,N0P1,SEED_69,0,2026-06-09 00:53:43.004398+00
A2,N0P1,SEED_70,0,2026-06-09 00:53:43.004398+00
A2,N0P1,SEED_75,0,2026-06-09 00:53:43.004398+00
A2,N0P1,SEED_8,1,2026-06-09 00:53:43.004398+00
A2,N0P1,SEED_80,0,2026-06-09 00:53:43.004398+00
A2,N0P1,SEED_83,0,2026-06-09 00:53:43.004398+00
A2,N0P1,SEED_85,0,2026-06-09 00:53:43.004398+00
A2,N0P1,SEED_88,0,2026-06-09 00:53:43.004398+00
A2,N0P1,SEED_9,0,2026-06-09 00:53:43.004398+00
A2,N0P1,SEED_90,1,2026-06-09 00:53:43.004398+00
A2,N0P1,SEED_91,0,2026-06-09 00:53:43.004398+00
A2,N0P1,SEED_93,0,2026-06-09 00:53:43.004398+00
A2,N0P1,SEED_96,0,2026-06-09 00:53:43.004398+00
A2,N0P1,SEED_98,0,2026-06-09 00:53:43.004398+00
A2,N0P102,SEED_102,0,2026-06-09 02:58:46.20249+00
A2,N0P102,SEED_103,1,2026-06-09 02:58:46.20249+00
A2,N0P102,SEED_104,0,2026-06-09 02:58:46.20249+00
A2,N0P102,SEED_106,0,2026-06-09 02:58:46.20249+00
A2,N0P102,SEED_17,1,2026-06-09 02:58:46.20249+00
A2,N0P102,SEED_19,0,2026-06-09 02:58:46.20249+00
A2,N0P102,SEED_21,0,2026-06-09 02:58:46.20249+00
A2,N0P102,SEED_25,1,2026-06-09 02:58:46.20249+00
A2,N0P102,SEED_29,0,2026-06-09 02:58:46.20249+00
A2,N0P102,SEED_31,0,2026-06-09 02:58:46.20249+00
A2,N0P102,SEED_32,0,2026-06-09 02:58:46.20249+00
A2,N0P102,SEED_37,0,2026-06-09 02:58:46.20249+00
A2,N0P102,SEED_42,0,2026-06-09 02:58:46.20249+00
A2,N0P102,SEED_43,0,2026-06-09 02:58:46.20249+00
A2,N0P102,SEED_45,0,2026-06-09 02:58:46.20249+00
A2,N0P102,SEED_48,1,2026-06-09 02:58:46.20249+00
A2,N0P102,SEED_58,1,2026-06-09 02:58:46.20249+00
A2,N0P102,SEED_62,0,2026-06-09 02:58:46.20249+00
A2,N0P102,SEED_63,0,2026-06-09 02:58:46.20249+00
A2,N0P102,SEED_69,0,2026-06-09 02:58:46.20249+00
A2,N0P102,SEED_70,0,2026-06-09 02:58:46.20249+00
A2,N0P102,SEED_72,0,2026-06-09 02:58:46.20249+00
A2,N0P102,SEED_82,0,2026-06-09 02:58:46.20249+00
A2,N0P102,SEED_83,0,2026-06-09 02:58:46.20249+00
A2,N0P102,SEED_87,0,2026-06-09 02:58:46.20249+00
A2,N0P102,SEED_92,0,2026-06-09 02:58:46.20249+00
A2,N0P102,SEED_93,1,2026-06-09 02:58:46.20249+00
A2,N0P102,SEED_94,0,2026-06-09 02:58:46.20249+00
A2,N0P102,SEED_97,1,2026-06-09 02:58:46.20249+00
A2,N0P102,SEED_99,0,2026-06-09 02:58:46.20249+00
A2,N0P104,SEED_0,0,2026-06-09 01:14:37.867456+00
A2,N0P104,SEED_1,0,2026-06-09 01:14:37.867456+00
A2,N0P104,SEED_110,1,2026-06-09 01:14:37.867456+00
A2,N0P104,SEED_111,0,2026-06-09 01:14:37.867456+00
A2,N0P104,SEED_115,1,2026-06-09 01:14:37.867456+00
A2,N0P104,SEED_117,0,2026-06-09 01:14:37.867456+00
A2,N0P104,SEED_12,0,2026-06-09 01:14:37.867456+00
A2,N0P104,SEED_13,1,2026-06-09 01:14:37.867456+00
A2,N0P104,SEED_19,0,2026-06-09 01:14:37.867456+00
A2,N0P104,SEED_2,1,2026-06-09 01:14:37.867456+00
A2,N0P104,SEED_22,1,2026-06-09 01:14:37.867456+00
A2,N0P104,SEED_24,1,2026-06-09 01:14:37.867456+00
A2,N0P104,SEED_30,1,2026-06-09 01:14:37.867456+00
A2,N0P104,SEED_32,1,2026-06-09 01:14:37.867456+00
A2,N0P104,SEED_35,0,2026-06-09 01:14:37.867456+00
A2,N0P104,SEED_36,0,2026-06-09 01:14:37.867456+00
A2,N0P104,SEED_45,0,2026-06-09 01:14:37.867456+00
A2,N0P104,SEED_52,0,2026-06-09 01:14:37.867456+00
A2,N0P104,SEED_55,0,2026-06-09 01:14:37.867456+00
A2,N0P104,SEED_62,0,2026-06-09 01:14:37.867456+00
A2,N0P104,SEED_64,0,2026-06-09 01:14:37.867456+00
A2,N0P104,SEED_67,0,2026-06-09 01:14:37.867456+00
A2,N0P104,SEED_68,0,2026-06-09 01:14:37.867456+00
A2,N0P104,SEED_70,0,2026-06-09 01:14:37.867456+00
A2,N0P104,SEED_79,0,2026-06-09 01:14:37.867456+00
A2,N0P104,SEED_84,0,2026-06-09 01:14:37.867456+00
A2,N0P104,SEED_86,1,2026-06-09 01:14:37.867456+00
A2,N0P104,SEED_89,1,2026-06-09 01:14:37.867456+00
A2,N0P104,SEED_92,0,2026-06-09 01:14:37.867456+00
A2,N0P104,SEED_97,0,2026-06-09 01:14:37.867456+00
A2,N0P106,SEED_100,0,2026-06-09 02:47:22.055989+00
A2,N0P106,SEED_106,0,2026-06-09 02:47:22.055989+00
A2,N0P106,SEED_108,0,2026-06-09 02:47:22.055989+00
A2,N0P106,SEED_109,0,2026-06-09 02:47:22.055989+00
A2,N0P106,SEED_110,0,2026-06-09 02:47:22.055989+00
A2,N0P106,SEED_114,0,2026-06-09 02:47:22.055989+00
A2,N0P106,SEED_12,0,2026-06-09 02:47:22.055989+00
A2,N0P106,SEED_18,0,2026-06-09 02:47:22.055989+00
A2,N0P106,SEED_2,1,2026-06-09 02:47:22.055989+00
A2,N0P106,SEED_22,0,2026-06-09 02:47:22.055989+00
A2,N0P106,SEED_26,0,2026-06-09 02:47:22.055989+00
A2,N0P106,SEED_27,1,2026-06-09 02:47:22.055989+00
A2,N0P106,SEED_29,0,2026-06-09 02:47:22.055989+00
A2,N0P106,SEED_34,0,2026-06-09 02:47:22.055989+00
A2,N0P106,SEED_35,0,2026-06-09 02:47:22.055989+00
A2,N0P106,SEED_4,0,2026-06-09 02:47:22.055989+00
A2,N0P106,SEED_40,1,2026-06-09 02:47:22.055989+00
A2,N0P106,SEED_42,0,2026-06-09 02:47:22.055989+00
A2,N0P106,SEED_5,1,2026-06-09 02:47:22.055989+00
A2,N0P106,SEED_55,0,2026-06-09 02:47:22.055989+00
A2,N0P106,SEED_60,0,2026-06-09 02:47:22.055989+00
A2,N0P106,SEED_67,1,2026-06-09 02:47:22.055989+00
A2,N0P106,SEED_69,0,2026-06-09 02:47:22.055989+00
A2,N0P106,SEED_72,0,2026-06-09 02:47:22.055989+00
A2,N0P106,SEED_75,1,2026-06-09 02:47:22.055989+00
A2,N0P106,SEED_82,1,2026-06-09 02:47:22.055989+00
A2,N0P106,SEED_84,0,2026-06-09 02:47:22.055989+00
A2,N0P106,SEED_87,0,2026-06-09 02:47:22.055989+00
A2,N0P106,SEED_88,0,2026-06-09 02:47:22.055989+00
A2,N0P106,SEED_9,1,2026-06-09 02:47:22.055989+00
A2,N0P108,SEED_10,0,2026-06-09 02:42:17.900081+00
A2,N0P108,SEED_100,1,2026-06-09 02:42:17.900081+00
A2,N0P108,SEED_101,0,2026-06-09 02:42:17.900081+00
A2,N0P108,SEED_102,1,2026-06-09 02:42:17.900081+00
A2,N0P108,SEED_108,1,2026-06-09 02:42:17.900081+00
A2,N0P108,SEED_115,0,2026-06-09 02:42:17.900081+00
A2,N0P108,SEED_116,0,2026-06-09 02:42:17.900081+00
A2,N0P108,SEED_19,1,2026-06-09 02:42:17.900081+00
A2,N0P108,SEED_23,0,2026-06-09 02:42:17.900081+00
A2,N0P108,SEED_29,0,2026-06-09 02:42:17.900081+00
A2,N0P108,SEED_3,0,2026-06-09 02:42:17.900081+00
A2,N0P108,SEED_31,0,2026-06-09 02:42:17.900081+00
A2,N0P108,SEED_34,0,2026-06-09 02:42:17.900081+00
A2,N0P108,SEED_37,1,2026-06-09 02:42:17.900081+00
A2,N0P108,SEED_41,0,2026-06-09 02:42:17.900081+00
A2,N0P108,SEED_45,0,2026-06-09 02:42:17.900081+00
A2,N0P108,SEED_48,0,2026-06-09 02:42:17.900081+00
A2,N0P108,SEED_55,0,2026-06-09 02:42:17.900081+00
A2,N0P108,SEED_57,1,2026-06-09 02:42:17.900081+00
A2,N0P108,SEED_62,0,2026-06-09 02:42:17.900081+00
A2,N0P108,SEED_70,0,2026-06-09 02:42:17.900081+00
A2,N0P108,SEED_74,0,2026-06-09 02:42:17.900081+00
A2,N0P108,SEED_79,1,2026-06-09 02:42:17.900081+00
A2,N0P108,SEED_81,0,2026-06-09 02:42:17.900081+00
A2,N0P108,SEED_84,0,2026-06-09 02:42:17.900081+00
A2,N0P108,SEED_87,0,2026-06-09 02:42:17.900081+00
A2,N0P108,SEED_9,0,2026-06-09 02:42:17.900081+00
A2,N0P108,SEED_91,1,2026-06-09 02:42:17.900081+00
A2,N0P108,SEED_98,1,2026-06-09 02:42:17.900081+00
A2,N0P108,SEED_99,0,2026-06-09 02:42:17.900081+00
A2,N0P109,SEED_0,0,2026-06-09 01:17:33.33879+00
A2,N0P109,SEED_101,0,2026-06-09 01:17:33.33879+00
A2,N0P109,SEED_105,0,2026-06-09 01:17:33.33879+00
A2,N0P109,SEED_107,0,2026-06-09 01:17:33.33879+00
A2,N0P109,SEED_11,0,2026-06-09 01:17:33.33879+00
A2,N0P109,SEED_114,1,2026-06-09 01:17:33.33879+00
A2,N0P109,SEED_115,1,2026-06-09 01:17:33.33879+00
A2,N0P109,SEED_116,0,2026-06-09 01:17:33.33879+00
A2,N0P109,SEED_13,1,2026-06-09 01:17:33.33879+00
A2,N0P109,SEED_16,0,2026-06-09 01:17:33.33879+00
A2,N0P109,SEED_23,1,2026-06-09 01:17:33.33879+00
A2,N0P109,SEED_3,1,2026-06-09 01:17:33.33879+00
A2,N0P109,SEED_34,1,2026-06-09 01:17:33.33879+00
A2,N0P109,SEED_39,0,2026-06-09 01:17:33.33879+00
A2,N0P109,SEED_40,0,2026-06-09 01:17:33.33879+00
A2,N0P109,SEED_45,0,2026-06-09 01:17:33.33879+00
A2,N0P109,SEED_46,0,2026-06-09 01:17:33.33879+00
A2,N0P109,SEED_49,0,2026-06-09 01:17:33.33879+00
A2,N0P109,SEED_52,0,2026-06-09 01:17:33.33879+00
A2,N0P109,SEED_55,1,2026-06-09 01:17:33.33879+00
A2,N0P109,SEED_56,0,2026-06-09 01:17:33.33879+00
A2,N0P109,SEED_57,0,2026-06-09 01:17:33.33879+00
A2,N0P109,SEED_65,0,2026-06-09 01:17:33.33879+00
A2,N0P109,SEED_70,0,2026-06-09 01:17:33.33879+00
A2,N0P109,SEED_71,1,2026-06-09 01:17:33.33879+00
A2,N0P109,SEED_76,0,2026-06-09 01:17:33.33879+00
A2,N0P109,SEED_91,1,2026-06-09 01:17:33.33879+00
A2,N0P109,SEED_94,0,2026-06-09 01:17:33.33879+00
A2,N0P109,SEED_95,1,2026-06-09 01:17:33.33879+00
A2,N0P109,SEED_97,0,2026-06-09 01:17:33.33879+00
A2,N0P13,SEED_0,0,2026-06-09 03:03:17.664109+00
A2,N0P13,SEED_105,0,2026-06-09 03:03:17.664109+00
A2,N0P13,SEED_108,0,2026-06-09 03:03:17.664109+00
A2,N0P13,SEED_111,0,2026-06-09 03:03:17.664109+00
A2,N0P13,SEED_114,1,2026-06-09 03:03:17.664109+00
A2,N0P13,SEED_115,1,2026-06-09 03:03:17.664109+00
A2,N0P13,SEED_118,0,2026-06-09 03:03:17.664109+00
A2,N0P13,SEED_15,0,2026-06-09 03:03:17.664109+00
A2,N0P13,SEED_16,1,2026-06-09 03:03:17.664109+00
A2,N0P13,SEED_22,1,2026-06-09 03:03:17.664109+00
A2,N0P13,SEED_24,0,2026-06-09 03:03:17.664109+00
A2,N0P13,SEED_37,0,2026-06-09 03:03:17.664109+00
A2,N0P13,SEED_38,0,2026-06-09 03:03:17.664109+00
A2,N0P13,SEED_39,0,2026-06-09 03:03:17.664109+00
A2,N0P13,SEED_41,1,2026-06-09 03:03:17.664109+00
A2,N0P13,SEED_48,0,2026-06-09 03:03:17.664109+00
A2,N0P13,SEED_51,1,2026-06-09 03:03:17.664109+00
A2,N0P13,SEED_52,0,2026-06-09 03:03:17.664109+00
A2,N0P13,SEED_53,0,2026-06-09 03:03:17.664109+00
A2,N0P13,SEED_64,1,2026-06-09 03:03:17.664109+00
A2,N0P13,SEED_70,0,2026-06-09 03:03:17.664109+00
A2,N0P13,SEED_72,1,2026-06-09 03:03:17.664109+00
A2,N0P13,SEED_78,1,2026-06-09 03:03:17.664109+00
A2,N0P13,SEED_84,0,2026-06-09 03:03:17.664109+00
A2,N0P13,SEED_85,1,2026-06-09 03:03:17.664109+00
A2,N0P13,SEED_86,0,2026-06-09 03:03:17.664109+00
A2,N0P13,SEED_89,0,2026-06-09 03:03:17.664109+00
A2,N0P13,SEED_92,0,2026-06-09 03:03:17.664109+00
A2,N0P13,SEED_94,0,2026-06-09 03:03:17.664109+00
A2,N0P13,SEED_95,0,2026-06-09 03:03:17.664109+00
A2,N0P17,SEED_10,1,2026-06-09 00:40:12.448979+00
A2,N0P17,SEED_101,0,2026-06-09 00:40:12.448979+00
A2,N0P17,SEED_104,1,2026-06-09 00:40:12.448979+00
A2,N0P17,SEED_106,0,2026-06-09 00:40:12.448979+00
A2,N0P17,SEED_114,0,2026-06-09 00:40:12.448979+00
A2,N0P17,SEED_17,0,2026-06-09 00:40:12.448979+00
A2,N0P17,SEED_19,0,2026-06-09 00:40:12.448979+00
A2,N0P17,SEED_27,1,2026-06-09 00:40:12.448979+00
A2,N0P17,SEED_29,1,2026-06-09 00:40:12.448979+00
A2,N0P17,SEED_30,0,2026-06-09 00:40:12.448979+00
A2,N0P17,SEED_34,0,2026-06-09 00:40:12.448979+00
A2,N0P17,SEED_35,0,2026-06-09 00:40:12.448979+00
A2,N0P17,SEED_36,1,2026-06-09 00:40:12.448979+00
A2,N0P17,SEED_40,0,2026-06-09 00:40:12.448979+00
A2,N0P17,SEED_42,1,2026-06-09 00:40:12.448979+00
A2,N0P17,SEED_49,1,2026-06-09 00:40:12.448979+00
A2,N0P17,SEED_52,1,2026-06-09 00:40:12.448979+00
A2,N0P17,SEED_53,0,2026-06-09 00:40:12.448979+00
A2,N0P17,SEED_56,0,2026-06-09 00:40:12.448979+00
A2,N0P17,SEED_62,0,2026-06-09 00:40:12.448979+00
A2,N0P17,SEED_66,0,2026-06-09 00:40:12.448979+00
A2,N0P17,SEED_69,1,2026-06-09 00:40:12.448979+00
A2,N0P17,SEED_8,0,2026-06-09 00:40:12.448979+00
A2,N0P17,SEED_80,1,2026-06-09 00:40:12.448979+00
A2,N0P17,SEED_88,0,2026-06-09 00:40:12.448979+00
A2,N0P17,SEED_9,0,2026-06-09 00:40:12.448979+00
A2,N0P17,SEED_90,0,2026-06-09 00:40:12.448979+00
A2,N0P17,SEED_91,0,2026-06-09 00:40:12.448979+00
A2,N0P17,SEED_98,0,2026-06-09 00:40:12.448979+00
A2,N0P17,SEED_99,0,2026-06-09 00:40:12.448979+00
A2,N0P2,SEED_101,0,2026-06-09 01:20:08.562753+00
A2,N0P2,SEED_103,0,2026-06-09 01:20:08.562753+00
A2,N0P2,SEED_110,1,2026-06-09 01:20:08.562753+00
A2,N0P2,SEED_115,0,2026-06-09 01:20:08.562753+00
A2,N0P2,SEED_12,1,2026-06-09 01:20:08.562753+00
A2,N0P2,SEED_16,1,2026-06-09 01:20:08.562753+00
A2,N0P2,SEED_24,1,2026-06-09 01:20:08.562753+00
A2,N0P2,SEED_27,0,2026-06-09 01:20:08.562753+00
A2,N0P2,SEED_29,1,2026-06-09 01:20:08.562753+00
A2,N0P2,SEED_30,0,2026-06-09 01:20:08.562753+00
A2,N0P2,SEED_31,1,2026-06-09 01:20:08.562753+00
A2,N0P2,SEED_35,0,2026-06-09 01:20:08.562753+00
A2,N0P2,SEED_4,0,2026-06-09 01:20:08.562753+00
A2,N0P2,SEED_42,0,2026-06-09 01:20:08.562753+00
A2,N0P2,SEED_45,0,2026-06-09 01:20:08.562753+00
A2,N0P2,SEED_52,0,2026-06-09 01:20:08.562753+00
A2,N0P2,SEED_54,1,2026-06-09 01:20:08.562753+00
A2,N0P2,SEED_55,0,2026-06-09 01:20:08.562753+00
A2,N0P2,SEED_60,0,2026-06-09 01:20:08.562753+00
A2,N0P2,SEED_62,0,2026-06-09 01:20:08.562753+00
A2,N0P2,SEED_65,0,2026-06-09 01:20:08.562753+00
A2,N0P2,SEED_69,0,2026-06-09 01:20:08.562753+00
A2,N0P2,SEED_73,1,2026-06-09 01:20:08.562753+00
A2,N0P2,SEED_8,0,2026-06-09 01:20:08.562753+00
A2,N0P2,SEED_84,0,2026-06-09 01:20:08.562753+00
A2,N0P2,SEED_85,1,2026-06-09 01:20:08.562753+00
A2,N0P2,SEED_9,0,2026-06-09 01:20:08.562753+00
A2,N0P2,SEED_92,1,2026-06-09 01:20:08.562753+00
A2,N0P2,SEED_96,0,2026-06-09 01:20:08.562753+00
A2,N0P2,SEED_98,0,2026-06-09 01:20:08.562753+00
A2,N0P20,SEED_10,0,2026-06-09 01:26:11.927353+00
A2,N0P20,SEED_104,0,2026-06-09 01:26:11.927353+00
A2,N0P20,SEED_106,1,2026-06-09 01:26:11.927353+00
A2,N0P20,SEED_110,0,2026-06-09 01:26:11.927353+00
A2,N0P20,SEED_112,0,2026-06-09 01:26:11.927353+00
A2,N0P20,SEED_2,0,2026-06-09 01:26:11.927353+00
A2,N0P20,SEED_25,1,2026-06-09 01:26:11.927353+00
A2,N0P20,SEED_27,0,2026-06-09 01:26:11.927353+00
A2,N0P20,SEED_28,0,2026-06-09 01:26:11.927353+00
A2,N0P20,SEED_3,0,2026-06-09 01:26:11.927353+00
A2,N0P20,SEED_31,0,2026-06-09 01:26:11.927353+00
A2,N0P20,SEED_32,1,2026-06-09 01:26:11.927353+00
A2,N0P20,SEED_35,1,2026-06-09 01:26:11.927353+00
A2,N0P20,SEED_41,1,2026-06-09 01:26:11.927353+00
A2,N0P20,SEED_43,0,2026-06-09 01:26:11.927353+00
A2,N0P20,SEED_44,0,2026-06-09 01:26:11.927353+00
A2,N0P20,SEED_48,0,2026-06-09 01:26:11.927353+00
A2,N0P20,SEED_5,1,2026-06-09 01:26:11.927353+00
A2,N0P20,SEED_53,1,2026-06-09 01:26:11.927353+00
A2,N0P20,SEED_58,0,2026-06-09 01:26:11.927353+00
A2,N0P20,SEED_6,0,2026-06-09 01:26:11.927353+00
A2,N0P20,SEED_60,0,2026-06-09 01:26:11.927353+00
A2,N0P20,SEED_69,0,2026-06-09 01:26:11.927353+00
A2,N0P20,SEED_79,0,2026-06-09 01:26:11.927353+00
A2,N0P20,SEED_8,0,2026-06-09 01:26:11.927353+00
A2,N0P20,SEED_83,1,2026-06-09 01:26:11.927353+00
A2,N0P20,SEED_95,1,2026-06-09 01:26:11.927353+00
A2,N0P20,SEED_96,0,2026-06-09 01:26:11.927353+00
A2,N0P20,SEED_97,0,2026-06-09 01:26:11.927353+00
A2,N0P20,SEED_98,1,2026-06-09 01:26:11.927353+00
A2,N0P21,SEED_101,0,2026-06-09 02:18:46.669087+00
A2,N0P21,SEED_106,0,2026-06-09 02:18:46.669087+00
A2,N0P21,SEED_115,0,2026-06-09 02:18:46.669087+00
A2,N0P21,SEED_13,1,2026-06-09 02:18:46.669087+00
A2,N0P21,SEED_14,0,2026-06-09 02:18:46.669087+00
A2,N0P21,SEED_16,0,2026-06-09 02:18:46.669087+00
A2,N0P21,SEED_20,1,2026-06-09 02:18:46.669087+00
A2,N0P21,SEED_21,0,2026-06-09 02:18:46.669087+00
A2,N0P21,SEED_25,0,2026-06-09 02:18:46.669087+00
A2,N0P21,SEED_27,0,2026-06-09 02:18:46.669087+00
A2,N0P21,SEED_3,1,2026-06-09 02:18:46.669087+00
A2,N0P21,SEED_30,1,2026-06-09 02:18:46.669087+00
A2,N0P21,SEED_32,0,2026-06-09 02:18:46.669087+00
A2,N0P21,SEED_39,1,2026-06-09 02:18:46.669087+00
A2,N0P21,SEED_47,1,2026-06-09 02:18:46.669087+00
A2,N0P21,SEED_48,0,2026-06-09 02:18:46.669087+00
A2,N0P21,SEED_50,0,2026-06-09 02:18:46.669087+00
A2,N0P21,SEED_59,0,2026-06-09 02:18:46.669087+00
A2,N0P21,SEED_60,0,2026-06-09 02:18:46.669087+00
A2,N0P21,SEED_72,0,2026-06-09 02:18:46.669087+00
A2,N0P21,SEED_73,0,2026-06-09 02:18:46.669087+00
A2,N0P21,SEED_74,0,2026-06-09 02:18:46.669087+00
A2,N0P21,SEED_77,0,2026-06-09 02:18:46.669087+00
A2,N0P21,SEED_85,1,2026-06-09 02:18:46.669087+00
A2,N0P21,SEED_86,1,2026-06-09 02:18:46.669087+00
A2,N0P21,SEED_89,0,2026-06-09 02:18:46.669087+00
A2,N0P21,SEED_91,0,2026-06-09 02:18:46.669087+00
A2,N0P21,SEED_95,0,2026-06-09 02:18:46.669087+00
A2,N0P21,SEED_98,1,2026-06-09 02:18:46.669087+00
A2,N0P21,SEED_99,0,2026-06-09 02:18:46.669087+00
A2,N0P23,SEED_101,1,2026-06-09 00:52:24.29207+00
A2,N0P23,SEED_103,0,2026-06-09 00:52:24.29207+00
A2,N0P23,SEED_105,1,2026-06-09 00:52:24.29207+00
A2,N0P23,SEED_108,0,2026-06-09 00:52:24.29207+00
A2,N0P23,SEED_11,0,2026-06-09 00:52:24.29207+00
A2,N0P23,SEED_113,1,2026-06-09 00:52:24.29207+00
A2,N0P23,SEED_114,1,2026-06-09 00:52:24.29207+00
A2,N0P23,SEED_117,0,2026-06-09 00:52:24.29207+00
A2,N0P23,SEED_119,1,2026-06-09 00:52:24.29207+00
A2,N0P23,SEED_22,1,2026-06-09 00:52:24.29207+00
A2,N0P23,SEED_31,0,2026-06-09 00:52:24.29207+00
A2,N0P23,SEED_34,0,2026-06-09 00:52:24.29207+00
A2,N0P23,SEED_35,0,2026-06-09 00:52:24.29207+00
A2,N0P23,SEED_41,0,2026-06-09 00:52:24.29207+00
A2,N0P23,SEED_43,0,2026-06-09 00:52:24.29207+00
A2,N0P23,SEED_48,0,2026-06-09 00:52:24.29207+00
A2,N0P23,SEED_55,0,2026-06-09 00:52:24.29207+00
A2,N0P23,SEED_57,0,2026-06-09 00:52:24.29207+00
A2,N0P23,SEED_59,0,2026-06-09 00:52:24.29207+00
A2,N0P23,SEED_61,0,2026-06-09 00:52:24.29207+00
A2,N0P23,SEED_66,0,2026-06-09 00:52:24.29207+00
A2,N0P23,SEED_68,1,2026-06-09 00:52:24.29207+00
A2,N0P23,SEED_72,1,2026-06-09 00:52:24.29207+00
A2,N0P23,SEED_75,1,2026-06-09 00:52:24.29207+00
A2,N0P23,SEED_78,0,2026-06-09 00:52:24.29207+00
A2,N0P23,SEED_83,0,2026-06-09 00:52:24.29207+00
A2,N0P23,SEED_85,0,2026-06-09 00:52:24.29207+00
A2,N0P23,SEED_93,0,2026-06-09 00:52:24.29207+00
A2,N0P23,SEED_96,1,2026-06-09 00:52:24.29207+00
A2,N0P23,SEED_99,0,2026-06-09 00:52:24.29207+00
A2,N0P32,SEED_101,1,2026-06-09 01:21:42.187772+00
A2,N0P32,SEED_104,1,2026-06-09 01:21:42.187772+00
A2,N0P32,SEED_11,1,2026-06-09 01:21:42.187772+00
A2,N0P32,SEED_111,0,2026-06-09 01:21:42.187772+00
A2,N0P32,SEED_112,0,2026-06-09 01:21:42.187772+00
A2,N0P32,SEED_113,0,2026-06-09 01:21:42.187772+00
A2,N0P32,SEED_116,1,2026-06-09 01:21:42.187772+00
A2,N0P32,SEED_13,1,2026-06-09 01:21:42.187772+00
A2,N0P32,SEED_14,0,2026-06-09 01:21:42.187772+00
A2,N0P32,SEED_20,0,2026-06-09 01:21:42.187772+00
A2,N0P32,SEED_32,0,2026-06-09 01:21:42.187772+00
A2,N0P32,SEED_36,0,2026-06-09 01:21:42.187772+00
A2,N0P32,SEED_4,1,2026-06-09 01:21:42.187772+00
A2,N0P32,SEED_40,0,2026-06-09 01:21:42.187772+00
A2,N0P32,SEED_41,1,2026-06-09 01:21:42.187772+00
A2,N0P32,SEED_42,0,2026-06-09 01:21:42.187772+00
A2,N0P32,SEED_44,0,2026-06-09 01:21:42.187772+00
A2,N0P32,SEED_51,0,2026-06-09 01:21:42.187772+00
A2,N0P32,SEED_52,0,2026-06-09 01:21:42.187772+00
A2,N0P32,SEED_58,0,2026-06-09 01:21:42.187772+00
A2,N0P32,SEED_60,1,2026-06-09 01:21:42.187772+00
A2,N0P32,SEED_62,0,2026-06-09 01:21:42.187772+00
A2,N0P32,SEED_63,0,2026-06-09 01:21:42.187772+00
A2,N0P32,SEED_65,0,2026-06-09 01:21:42.187772+00
A2,N0P32,SEED_70,1,2026-06-09 01:21:42.187772+00
A2,N0P32,SEED_81,0,2026-06-09 01:21:42.187772+00
A2,N0P32,SEED_84,0,2026-06-09 01:21:42.187772+00
A2,N0P32,SEED_85,0,2026-06-09 01:21:42.187772+00
A2,N0P32,SEED_88,0,2026-06-09 01:21:42.187772+00
A2,N0P32,SEED_97,1,2026-06-09 01:21:42.187772+00
A2,N0P33,SEED_104,1,2026-06-09 00:47:26.382726+00
A2,N0P33,SEED_109,0,2026-06-09 00:47:26.382726+00
A2,N0P33,SEED_110,0,2026-06-09 00:47:26.382726+00
A2,N0P33,SEED_117,0,2026-06-09 00:47:26.382726+00
A2,N0P33,SEED_15,0,2026-06-09 00:47:26.382726+00
A2,N0P33,SEED_16,0,2026-06-09 00:47:26.382726+00
A2,N0P33,SEED_20,0,2026-06-09 00:47:26.382726+00
A2,N0P33,SEED_24,0,2026-06-09 00:47:26.382726+00
A2,N0P33,SEED_26,0,2026-06-09 00:47:26.382726+00
A2,N0P33,SEED_3,0,2026-06-09 00:47:26.382726+00
A2,N0P33,SEED_30,1,2026-06-09 00:47:26.382726+00
A2,N0P33,SEED_34,0,2026-06-09 00:47:26.382726+00
A2,N0P33,SEED_36,0,2026-06-09 00:47:26.382726+00
A2,N0P33,SEED_39,1,2026-06-09 00:47:26.382726+00
A2,N0P33,SEED_46,1,2026-06-09 00:47:26.382726+00
A2,N0P33,SEED_52,0,2026-06-09 00:47:26.382726+00
A2,N0P33,SEED_56,1,2026-06-09 00:47:26.382726+00
A2,N0P33,SEED_59,0,2026-06-09 00:47:26.382726+00
A2,N0P33,SEED_6,0,2026-06-09 00:47:26.382726+00
A2,N0P33,SEED_62,0,2026-06-09 00:47:26.382726+00
A2,N0P33,SEED_63,0,2026-06-09 00:47:26.382726+00
A2,N0P33,SEED_66,0,2026-06-09 00:47:26.382726+00
A2,N0P33,SEED_70,0,2026-06-09 00:47:26.382726+00
A2,N0P33,SEED_77,0,2026-06-09 00:47:26.382726+00
A2,N0P33,SEED_79,1,2026-06-09 00:47:26.382726+00
A2,N0P33,SEED_80,0,2026-06-09 00:47:26.382726+00
A2,N0P33,SEED_89,1,2026-06-09 00:47:26.382726+00
A2,N0P33,SEED_90,1,2026-06-09 00:47:26.382726+00
A2,N0P33,SEED_96,1,2026-06-09 00:47:26.382726+00
A2,N0P33,SEED_97,1,2026-06-09 00:47:26.382726+00
A2,N0P34,SEED_105,0,2026-06-09 01:38:25.880795+00
A2,N0P34,SEED_106,1,2026-06-09 01:38:25.880795+00
A2,N0P34,SEED_107,0,2026-06-09 01:38:25.880795+00
A2,N0P34,SEED_11,0,2026-06-09 01:38:25.880795+00
A2,N0P34,SEED_119,0,2026-06-09 01:38:25.880795+00
A2,N0P34,SEED_14,1,2026-06-09 01:38:25.880795+00
A2,N0P34,SEED_15,1,2026-06-09 01:38:25.880795+00
A2,N0P34,SEED_17,1,2026-06-09 01:38:25.880795+00
A2,N0P34,SEED_18,0,2026-06-09 01:38:25.880795+00
A2,N0P34,SEED_19,0,2026-06-09 01:38:25.880795+00
A2,N0P34,SEED_24,1,2026-06-09 01:38:25.880795+00
A2,N0P34,SEED_28,0,2026-06-09 01:38:25.880795+00
A2,N0P34,SEED_31,1,2026-06-09 01:38:25.880795+00
A2,N0P34,SEED_34,0,2026-06-09 01:38:25.880795+00
A2,N0P34,SEED_37,0,2026-06-09 01:38:25.880795+00
A2,N0P34,SEED_49,0,2026-06-09 01:38:25.880795+00
A2,N0P34,SEED_52,0,2026-06-09 01:38:25.880795+00
A2,N0P34,SEED_53,1,2026-06-09 01:38:25.880795+00
A2,N0P34,SEED_58,0,2026-06-09 01:38:25.880795+00
A2,N0P34,SEED_59,0,2026-06-09 01:38:25.880795+00
A2,N0P34,SEED_60,0,2026-06-09 01:38:25.880795+00
A2,N0P34,SEED_61,1,2026-06-09 01:38:25.880795+00
A2,N0P34,SEED_63,0,2026-06-09 01:38:25.880795+00
A2,N0P34,SEED_65,1,2026-06-09 01:38:25.880795+00
A2,N0P34,SEED_70,0,2026-06-09 01:38:25.880795+00
A2,N0P34,SEED_76,0,2026-06-09 01:38:25.880795+00
A2,N0P34,SEED_8,0,2026-06-09 01:38:25.880795+00
A2,N0P34,SEED_82,0,2026-06-09 01:38:25.880795+00
A2,N0P34,SEED_90,0,2026-06-09 01:38:25.880795+00
A2,N0P34,SEED_91,1,2026-06-09 01:38:25.880795+00
A2,N0P38,SEED_101,0,2026-06-09 01:26:51.418657+00
A2,N0P38,SEED_109,0,2026-06-09 01:26:51.418657+00
A2,N0P38,SEED_11,1,2026-06-09 01:26:51.418657+00
A2,N0P38,SEED_111,0,2026-06-09 01:26:51.418657+00
A2,N0P38,SEED_116,0,2026-06-09 01:26:51.418657+00
A2,N0P38,SEED_117,0,2026-06-09 01:26:51.418657+00
A2,N0P38,SEED_12,0,2026-06-09 01:26:51.418657+00
A2,N0P38,SEED_18,1,2026-06-09 01:26:51.418657+00
A2,N0P38,SEED_21,0,2026-06-09 01:26:51.418657+00
A2,N0P38,SEED_23,0,2026-06-09 01:26:51.418657+00
A2,N0P38,SEED_3,1,2026-06-09 01:26:51.418657+00
A2,N0P38,SEED_31,0,2026-06-09 01:26:51.418657+00
A2,N0P38,SEED_37,1,2026-06-09 01:26:51.418657+00
A2,N0P38,SEED_38,0,2026-06-09 01:26:51.418657+00
A2,N0P38,SEED_41,1,2026-06-09 01:26:51.418657+00
A2,N0P38,SEED_45,0,2026-06-09 01:26:51.418657+00
A2,N0P38,SEED_47,0,2026-06-09 01:26:51.418657+00
A2,N0P38,SEED_5,0,2026-06-09 01:26:51.418657+00
A2,N0P38,SEED_52,0,2026-06-09 01:26:51.418657+00
A2,N0P38,SEED_55,1,2026-06-09 01:26:51.418657+00
A2,N0P38,SEED_56,0,2026-06-09 01:26:51.418657+00
A2,N0P38,SEED_67,1,2026-06-09 01:26:51.418657+00
A2,N0P38,SEED_7,0,2026-06-09 01:26:51.418657+00
A2,N0P38,SEED_72,0,2026-06-09 01:26:51.418657+00
A2,N0P38,SEED_81,0,2026-06-09 01:26:51.418657+00
A2,N0P38,SEED_87,0,2026-06-09 01:26:51.418657+00
A2,N0P38,SEED_88,1,2026-06-09 01:26:51.418657+00
A2,N0P38,SEED_90,1,2026-06-09 01:26:51.418657+00
A2,N0P38,SEED_95,0,2026-06-09 01:26:51.418657+00
A2,N0P38,SEED_97,1,2026-06-09 01:26:51.418657+00
A2,N0P42,SEED_100,1,2026-06-09 00:44:26.726717+00
A2,N0P42,SEED_103,0,2026-06-09 00:44:26.726717+00
A2,N0P42,SEED_105,0,2026-06-09 00:44:26.726717+00
A2,N0P42,SEED_106,0,2026-06-09 00:44:26.726717+00
A2,N0P42,SEED_107,0,2026-06-09 00:44:26.726717+00
A2,N0P42,SEED_112,1,2026-06-09 00:44:26.726717+00
A2,N0P42,SEED_114,1,2026-06-09 00:44:26.726717+00
A2,N0P42,SEED_14,0,2026-06-09 00:44:26.726717+00
A2,N0P42,SEED_16,1,2026-06-09 00:44:26.726717+00
A2,N0P42,SEED_18,0,2026-06-09 00:44:26.726717+00
A2,N0P42,SEED_21,0,2026-06-09 00:44:26.726717+00
A2,N0P42,SEED_25,1,2026-06-09 00:44:26.726717+00
A2,N0P42,SEED_28,0,2026-06-09 00:44:26.726717+00
A2,N0P42,SEED_32,0,2026-06-09 00:44:26.726717+00
A2,N0P42,SEED_34,0,2026-06-09 00:44:26.726717+00
A2,N0P42,SEED_37,0,2026-06-09 00:44:26.726717+00
A2,N0P42,SEED_43,0,2026-06-09 00:44:26.726717+00
A2,N0P42,SEED_46,0,2026-06-09 00:44:26.726717+00
A2,N0P42,SEED_50,0,2026-06-09 00:44:26.726717+00
A2,N0P42,SEED_59,1,2026-06-09 00:44:26.726717+00
A2,N0P42,SEED_61,1,2026-06-09 00:44:26.726717+00
A2,N0P42,SEED_64,0,2026-06-09 00:44:26.726717+00
A2,N0P42,SEED_67,0,2026-06-09 00:44:26.726717+00
A2,N0P42,SEED_69,1,2026-06-09 00:44:26.726717+00
A2,N0P42,SEED_71,0,2026-06-09 00:44:26.726717+00
A2,N0P42,SEED_86,1,2026-06-09 00:44:26.726717+00
A2,N0P42,SEED_9,1,2026-06-09 00:44:26.726717+00
A2,N0P42,SEED_92,0,2026-06-09 00:44:26.726717+00
A2,N0P42,SEED_95,0,2026-06-09 00:44:26.726717+00
A2,N0P42,SEED_96,0,2026-06-09 00:44:26.726717+00
A2,N0P43,SEED_1,0,2026-06-09 01:16:24.243134+00
A2,N0P43,SEED_101,0,2026-06-09 01:16:24.243134+00
A2,N0P43,SEED_104,0,2026-06-09 01:16:24.243134+00
A2,N0P43,SEED_105,0,2026-06-09 01:16:24.243134+00
A2,N0P43,SEED_109,0,2026-06-09 01:16:24.243134+00
A2,N0P43,SEED_111,0,2026-06-09 01:16:24.243134+00
A2,N0P43,SEED_112,1,2026-06-09 01:16:24.243134+00
A2,N0P43,SEED_116,1,2026-06-09 01:16:24.243134+00
A2,N0P43,SEED_13,0,2026-06-09 01:16:24.243134+00
A2,N0P43,SEED_15,1,2026-06-09 01:16:24.243134+00
A2,N0P43,SEED_28,1,2026-06-09 01:16:24.243134+00
A2,N0P43,SEED_29,0,2026-06-09 01:16:24.243134+00
A2,N0P43,SEED_3,1,2026-06-09 01:16:24.243134+00
A2,N0P43,SEED_33,0,2026-06-09 01:16:24.243134+00
A2,N0P43,SEED_41,0,2026-06-09 01:16:24.243134+00
A2,N0P43,SEED_47,0,2026-06-09 01:16:24.243134+00
A2,N0P43,SEED_48,1,2026-06-09 01:16:24.243134+00
A2,N0P43,SEED_50,0,2026-06-09 01:16:24.243134+00
A2,N0P43,SEED_58,1,2026-06-09 01:16:24.243134+00
A2,N0P43,SEED_60,1,2026-06-09 01:16:24.243134+00
A2,N0P43,SEED_68,0,2026-06-09 01:16:24.243134+00
A2,N0P43,SEED_71,1,2026-06-09 01:16:24.243134+00
A2,N0P43,SEED_74,0,2026-06-09 01:16:24.243134+00
A2,N0P43,SEED_78,0,2026-06-09 01:16:24.243134+00
A2,N0P43,SEED_79,0,2026-06-09 01:16:24.243134+00
A2,N0P43,SEED_8,0,2026-06-09 01:16:24.243134+00
A2,N0P43,SEED_81,1,2026-06-09 01:16:24.243134+00
A2,N0P43,SEED_82,0,2026-06-09 01:16:24.243134+00
A2,N0P43,SEED_86,0,2026-06-09 01:16:24.243134+00
A2,N0P43,SEED_95,0,2026-06-09 01:16:24.243134+00
A2,N0P44,SEED_107,0,2026-06-09 02:04:40.936922+00
A2,N0P44,SEED_113,0,2026-06-09 02:04:40.936922+00
A2,N0P44,SEED_114,0,2026-06-09 02:04:40.936922+00
A2,N0P44,SEED_116,1,2026-06-09 02:04:40.936922+00
A2,N0P44,SEED_117,1,2026-06-09 02:04:40.936922+00
A2,N0P44,SEED_118,0,2026-06-09 02:04:40.936922+00
A2,N0P44,SEED_119,0,2026-06-09 02:04:40.936922+00
A2,N0P44,SEED_12,0,2026-06-09 02:04:40.936922+00
A2,N0P44,SEED_14,0,2026-06-09 02:04:40.936922+00
A2,N0P44,SEED_17,0,2026-06-09 02:04:40.936922+00
A2,N0P44,SEED_19,1,2026-06-09 02:04:40.936922+00
A2,N0P44,SEED_30,0,2026-06-09 02:04:40.936922+00
A2,N0P44,SEED_38,0,2026-06-09 02:04:40.936922+00
A2,N0P44,SEED_4,0,2026-06-09 02:04:40.936922+00
A2,N0P44,SEED_47,0,2026-06-09 02:04:40.936922+00
A2,N0P44,SEED_49,0,2026-06-09 02:04:40.936922+00
A2,N0P44,SEED_5,0,2026-06-09 02:04:40.936922+00
A2,N0P44,SEED_52,0,2026-06-09 02:04:40.936922+00
A2,N0P44,SEED_53,0,2026-06-09 02:04:40.936922+00
A2,N0P44,SEED_58,1,2026-06-09 02:04:40.936922+00
A2,N0P44,SEED_63,0,2026-06-09 02:04:40.936922+00
A2,N0P44,SEED_68,0,2026-06-09 02:04:40.936922+00
A2,N0P44,SEED_69,0,2026-06-09 02:04:40.936922+00
A2,N0P44,SEED_75,0,2026-06-09 02:04:40.936922+00
A2,N0P44,SEED_83,0,2026-06-09 02:04:40.936922+00
A2,N0P44,SEED_85,0,2026-06-09 02:04:40.936922+00
A2,N0P44,SEED_89,0,2026-06-09 02:04:40.936922+00
A2,N0P44,SEED_93,0,2026-06-09 02:04:40.936922+00
A2,N0P44,SEED_95,0,2026-06-09 02:04:40.936922+00
A2,N0P44,SEED_96,0,2026-06-09 02:04:40.936922+00
A2,N0P45,SEED_103,0,2026-06-09 01:39:32.476113+00
A2,N0P45,SEED_109,0,2026-06-09 01:39:32.476113+00
A2,N0P45,SEED_11,1,2026-06-09 01:39:32.476113+00
A2,N0P45,SEED_112,0,2026-06-09 01:39:32.476113+00
A2,N0P45,SEED_113,0,2026-06-09 01:39:32.476113+00
A2,N0P45,SEED_114,1,2026-06-09 01:39:32.476113+00
A2,N0P45,SEED_117,1,2026-06-09 01:39:32.476113+00
A2,N0P45,SEED_12,1,2026-06-09 01:39:32.476113+00
A2,N0P45,SEED_15,0,2026-06-09 01:39:32.476113+00
A2,N0P45,SEED_24,0,2026-06-09 01:39:32.476113+00
A2,N0P45,SEED_27,0,2026-06-09 01:39:32.476113+00
A2,N0P45,SEED_30,1,2026-06-09 01:39:32.476113+00
A2,N0P45,SEED_35,0,2026-06-09 01:39:32.476113+00
A2,N0P45,SEED_4,1,2026-06-09 01:39:32.476113+00
A2,N0P45,SEED_45,0,2026-06-09 01:39:32.476113+00
A2,N0P45,SEED_46,0,2026-06-09 01:39:32.476113+00
A2,N0P45,SEED_47,0,2026-06-09 01:39:32.476113+00
A2,N0P45,SEED_50,1,2026-06-09 01:39:32.476113+00
A2,N0P45,SEED_52,0,2026-06-09 01:39:32.476113+00
A2,N0P45,SEED_56,0,2026-06-09 01:39:32.476113+00
A2,N0P45,SEED_58,1,2026-06-09 01:39:32.476113+00
A2,N0P45,SEED_69,0,2026-06-09 01:39:32.476113+00
A2,N0P45,SEED_7,0,2026-06-09 01:39:32.476113+00
A2,N0P45,SEED_76,0,2026-06-09 01:39:32.476113+00
A2,N0P45,SEED_78,1,2026-06-09 01:39:32.476113+00
A2,N0P45,SEED_81,0,2026-06-09 01:39:32.476113+00
A2,N0P45,SEED_82,0,2026-06-09 01:39:32.476113+00
A2,N0P45,SEED_84,0,2026-06-09 01:39:32.476113+00
A2,N0P45,SEED_87,0,2026-06-09 01:39:32.476113+00
A2,N0P45,SEED_88,0,2026-06-09 01:39:32.476113+00
A2,N0P48,SEED_10,0,2026-06-09 01:23:15.25491+00
A2,N0P48,SEED_103,0,2026-06-09 01:23:15.25491+00
A2,N0P48,SEED_107,0,2026-06-09 01:23:15.25491+00
A2,N0P48,SEED_108,0,2026-06-09 01:23:15.25491+00
A2,N0P48,SEED_13,1,2026-06-09 01:23:15.25491+00
A2,N0P48,SEED_16,1,2026-06-09 01:23:15.25491+00
A2,N0P48,SEED_18,0,2026-06-09 01:23:15.25491+00
A2,N0P48,SEED_3,0,2026-06-09 01:23:15.25491+00
A2,N0P48,SEED_35,0,2026-06-09 01:23:15.25491+00
A2,N0P48,SEED_38,0,2026-06-09 01:23:15.25491+00
A2,N0P48,SEED_41,1,2026-06-09 01:23:15.25491+00
A2,N0P48,SEED_48,1,2026-06-09 01:23:15.25491+00
A2,N0P48,SEED_51,0,2026-06-09 01:23:15.25491+00
A2,N0P48,SEED_54,1,2026-06-09 01:23:15.25491+00
A2,N0P48,SEED_56,1,2026-06-09 01:23:15.25491+00
A2,N0P48,SEED_58,1,2026-06-09 01:23:15.25491+00
A2,N0P48,SEED_61,0,2026-06-09 01:23:15.25491+00
A2,N0P48,SEED_62,1,2026-06-09 01:23:15.25491+00
A2,N0P48,SEED_7,0,2026-06-09 01:23:15.25491+00
A2,N0P48,SEED_70,1,2026-06-09 01:23:15.25491+00
A2,N0P48,SEED_74,0,2026-06-09 01:23:15.25491+00
A2,N0P48,SEED_76,1,2026-06-09 01:23:15.25491+00
A2,N0P48,SEED_77,0,2026-06-09 01:23:15.25491+00
A2,N0P48,SEED_79,0,2026-06-09 01:23:15.25491+00
A2,N0P48,SEED_8,0,2026-06-09 01:23:15.25491+00
A2,N0P48,SEED_81,0,2026-06-09 01:23:15.25491+00
A2,N0P48,SEED_82,0,2026-06-09 01:23:15.25491+00
A2,N0P48,SEED_87,0,2026-06-09 01:23:15.25491+00
A2,N0P48,SEED_9,0,2026-06-09 01:23:15.25491+00
A2,N0P48,SEED_91,0,2026-06-09 01:23:15.25491+00
A2,N0P49,SEED_101,0,2026-06-09 00:54:54.634908+00
A2,N0P49,SEED_109,0,2026-06-09 00:54:54.634908+00
A2,N0P49,SEED_110,0,2026-06-09 00:54:54.634908+00
A2,N0P49,SEED_114,0,2026-06-09 00:54:54.634908+00
A2,N0P49,SEED_115,0,2026-06-09 00:54:54.634908+00
A2,N0P49,SEED_118,0,2026-06-09 00:54:54.634908+00
A2,N0P49,SEED_12,1,2026-06-09 00:54:54.634908+00
A2,N0P49,SEED_14,0,2026-06-09 00:54:54.634908+00
A2,N0P49,SEED_27,0,2026-06-09 00:54:54.634908+00
A2,N0P49,SEED_29,1,2026-06-09 00:54:54.634908+00
A2,N0P49,SEED_37,0,2026-06-09 00:54:54.634908+00
A2,N0P49,SEED_40,1,2026-06-09 00:54:54.634908+00
A2,N0P49,SEED_43,0,2026-06-09 00:54:54.634908+00
A2,N0P49,SEED_51,1,2026-06-09 00:54:54.634908+00
A2,N0P49,SEED_52,0,2026-06-09 00:54:54.634908+00
A2,N0P49,SEED_53,1,2026-06-09 00:54:54.634908+00
A2,N0P49,SEED_54,0,2026-06-09 00:54:54.634908+00
A2,N0P49,SEED_55,1,2026-06-09 00:54:54.634908+00
A2,N0P49,SEED_57,0,2026-06-09 00:54:54.634908+00
A2,N0P49,SEED_58,1,2026-06-09 00:54:54.634908+00
A2,N0P49,SEED_64,0,2026-06-09 00:54:54.634908+00
A2,N0P49,SEED_70,0,2026-06-09 00:54:54.634908+00
A2,N0P49,SEED_77,0,2026-06-09 00:54:54.634908+00
A2,N0P49,SEED_83,1,2026-06-09 00:54:54.634908+00
A2,N0P49,SEED_85,1,2026-06-09 00:54:54.634908+00
A2,N0P49,SEED_89,1,2026-06-09 00:54:54.634908+00
A2,N0P49,SEED_92,1,2026-06-09 00:54:54.634908+00
A2,N0P49,SEED_93,0,2026-06-09 00:54:54.634908+00
A2,N0P49,SEED_95,0,2026-06-09 00:54:54.634908+00
A2,N0P49,SEED_98,0,2026-06-09 00:54:54.634908+00
A2,N0P51,SEED_107,0,2026-06-09 01:24:39.888781+00
A2,N0P51,SEED_108,0,2026-06-09 01:24:39.888781+00
A2,N0P51,SEED_111,1,2026-06-09 01:24:39.888781+00
A2,N0P51,SEED_113,1,2026-06-09 01:24:39.888781+00
A2,N0P51,SEED_117,0,2026-06-09 01:24:39.888781+00
A2,N0P51,SEED_118,1,2026-06-09 01:24:39.888781+00
A2,N0P51,SEED_13,0,2026-06-09 01:24:39.888781+00
A2,N0P51,SEED_14,0,2026-06-09 01:24:39.888781+00
A2,N0P51,SEED_19,0,2026-06-09 01:24:39.888781+00
A2,N0P51,SEED_27,0,2026-06-09 01:24:39.888781+00
A2,N0P51,SEED_28,1,2026-06-09 01:24:39.888781+00
A2,N0P51,SEED_3,0,2026-06-09 01:24:39.888781+00
A2,N0P51,SEED_35,0,2026-06-09 01:24:39.888781+00
A2,N0P51,SEED_44,1,2026-06-09 01:24:39.888781+00
A2,N0P51,SEED_45,0,2026-06-09 01:24:39.888781+00
A2,N0P51,SEED_47,0,2026-06-09 01:24:39.888781+00
A2,N0P51,SEED_54,0,2026-06-09 01:24:39.888781+00
A2,N0P51,SEED_61,0,2026-06-09 01:24:39.888781+00
A2,N0P51,SEED_64,0,2026-06-09 01:24:39.888781+00
A2,N0P51,SEED_71,0,2026-06-09 01:24:39.888781+00
A2,N0P51,SEED_73,1,2026-06-09 01:24:39.888781+00
A2,N0P51,SEED_77,1,2026-06-09 01:24:39.888781+00
A2,N0P51,SEED_78,0,2026-06-09 01:24:39.888781+00
A2,N0P51,SEED_79,0,2026-06-09 01:24:39.888781+00
A2,N0P51,SEED_82,0,2026-06-09 01:24:39.888781+00
A2,N0P51,SEED_84,0,2026-06-09 01:24:39.888781+00
A2,N0P51,SEED_86,1,2026-06-09 01:24:39.888781+00
A2,N0P51,SEED_97,1,2026-06-09 01:24:39.888781+00
A2,N0P51,SEED_98,1,2026-06-09 01:24:39.888781+00
A2,N0P51,SEED_99,0,2026-06-09 01:24:39.888781+00
A2,N0P58,SEED_101,1,2026-06-09 00:51:18.755754+00
A2,N0P58,SEED_106,0,2026-06-09 00:51:18.755754+00
A2,N0P58,SEED_107,0,2026-06-09 00:51:18.755754+00
A2,N0P58,SEED_109,0,2026-06-09 00:51:18.755754+00
A2,N0P58,SEED_11,0,2026-06-09 00:51:18.755754+00
A2,N0P58,SEED_110,0,2026-06-09 00:51:18.755754+00
A2,N0P58,SEED_112,1,2026-06-09 00:51:18.755754+00
A2,N0P58,SEED_35,1,2026-06-09 00:51:18.755754+00
A2,N0P58,SEED_36,0,2026-06-09 00:51:18.755754+00
A2,N0P58,SEED_38,1,2026-06-09 00:51:18.755754+00
A2,N0P58,SEED_39,0,2026-06-09 00:51:18.755754+00
A2,N0P58,SEED_4,1,2026-06-09 00:51:18.755754+00
A2,N0P58,SEED_45,1,2026-06-09 00:51:18.755754+00
A2,N0P58,SEED_47,1,2026-06-09 00:51:18.755754+00
A2,N0P58,SEED_49,0,2026-06-09 00:51:18.755754+00
A2,N0P58,SEED_5,0,2026-06-09 00:51:18.755754+00
A2,N0P58,SEED_56,0,2026-06-09 00:51:18.755754+00
A2,N0P58,SEED_57,0,2026-06-09 00:51:18.755754+00
A2,N0P58,SEED_59,0,2026-06-09 00:51:18.755754+00
A2,N0P58,SEED_60,1,2026-06-09 00:51:18.755754+00
A2,N0P58,SEED_64,0,2026-06-09 00:51:18.755754+00
A2,N0P58,SEED_7,0,2026-06-09 00:51:18.755754+00
A2,N0P58,SEED_70,0,2026-06-09 00:51:18.755754+00
A2,N0P58,SEED_74,1,2026-06-09 00:51:18.755754+00
A2,N0P58,SEED_75,1,2026-06-09 00:51:18.755754+00
A2,N0P58,SEED_76,0,2026-06-09 00:51:18.755754+00
A2,N0P58,SEED_78,0,2026-06-09 00:51:18.755754+00
A2,N0P58,SEED_80,0,2026-06-09 00:51:18.755754+00
A2,N0P58,SEED_82,0,2026-06-09 00:51:18.755754+00
A2,N0P58,SEED_9,0,2026-06-09 00:51:18.755754+00
A2,N0P6,SEED_1,0,2026-06-09 01:01:46.595969+00
A2,N0P6,SEED_10,1,2026-06-09 01:01:46.595969+00
A2,N0P6,SEED_107,0,2026-06-09 01:01:46.595969+00
A2,N0P6,SEED_109,0,2026-06-09 01:01:46.595969+00
A2,N0P6,SEED_111,1,2026-06-09 01:01:46.595969+00
A2,N0P6,SEED_112,1,2026-06-09 01:01:46.595969+00
A2,N0P6,SEED_114,0,2026-06-09 01:01:46.595969+00
A2,N0P6,SEED_119,0,2026-06-09 01:01:46.595969+00
A2,N0P6,SEED_12,0,2026-06-09 01:01:46.595969+00
A2,N0P6,SEED_16,0,2026-06-09 01:01:46.595969+00
A2,N0P6,SEED_26,0,2026-06-09 01:01:46.595969+00
A2,N0P6,SEED_30,1,2026-06-09 01:01:46.595969+00
A2,N0P6,SEED_33,0,2026-06-09 01:01:46.595969+00
A2,N0P6,SEED_38,0,2026-06-09 01:01:46.595969+00
A2,N0P6,SEED_40,0,2026-06-09 01:01:46.595969+00
A2,N0P6,SEED_50,0,2026-06-09 01:01:46.595969+00
A2,N0P6,SEED_53,0,2026-06-09 01:01:46.595969+00
A2,N0P6,SEED_58,1,2026-06-09 01:01:46.595969+00
A2,N0P6,SEED_66,1,2026-06-09 01:01:46.595969+00
A2,N0P6,SEED_72,1,2026-06-09 01:01:46.595969+00
A2,N0P6,SEED_74,1,2026-06-09 01:01:46.595969+00
A2,N0P6,SEED_79,0,2026-06-09 01:01:46.595969+00
A2,N0P6,SEED_82,0,2026-06-09 01:01:46.595969+00
A2,N0P6,SEED_84,0,2026-06-09 01:01:46.595969+00
A2,N0P6,SEED_85,0,2026-06-09 01:01:46.595969+00
A2,N0P6,SEED_9,0,2026-06-09 01:01:46.595969+00
A2,N0P6,SEED_91,0,2026-06-09 01:01:46.595969+00
A2,N0P6,SEED_96,0,2026-06-09 01:01:46.595969+00
A2,N0P6,SEED_97,1,2026-06-09 01:01:46.595969+00
A2,N0P6,SEED_99,1,2026-06-09 01:01:46.595969+00
A2,N0P60,SEED_10,0,2026-06-09 01:20:59.930626+00
A2,N0P60,SEED_101,0,2026-06-09 01:20:59.930626+00
A2,N0P60,SEED_103,0,2026-06-09 01:20:59.930626+00
A2,N0P60,SEED_111,1,2026-06-09 01:20:59.930626+00
A2,N0P60,SEED_113,0,2026-06-09 01:20:59.930626+00
A2,N0P60,SEED_119,0,2026-06-09 01:20:59.930626+00
A2,N0P60,SEED_12,1,2026-06-09 01:20:59.930626+00
A2,N0P60,SEED_18,0,2026-06-09 01:20:59.930626+00
A2,N0P60,SEED_19,1,2026-06-09 01:20:59.930626+00
A2,N0P60,SEED_32,1,2026-06-09 01:20:59.930626+00
A2,N0P60,SEED_36,0,2026-06-09 01:20:59.930626+00
A2,N0P60,SEED_39,0,2026-06-09 01:20:59.930626+00
A2,N0P60,SEED_42,1,2026-06-09 01:20:59.930626+00
A2,N0P60,SEED_44,1,2026-06-09 01:20:59.930626+00
A2,N0P60,SEED_49,0,2026-06-09 01:20:59.930626+00
A2,N0P60,SEED_50,0,2026-06-09 01:20:59.930626+00
A2,N0P60,SEED_6,1,2026-06-09 01:20:59.930626+00
A2,N0P60,SEED_71,0,2026-06-09 01:20:59.930626+00
A2,N0P60,SEED_74,0,2026-06-09 01:20:59.930626+00
A2,N0P60,SEED_76,0,2026-06-09 01:20:59.930626+00
A2,N0P60,SEED_77,1,2026-06-09 01:20:59.930626+00
A2,N0P60,SEED_8,0,2026-06-09 01:20:59.930626+00
A2,N0P60,SEED_80,1,2026-06-09 01:20:59.930626+00
A2,N0P60,SEED_82,1,2026-06-09 01:20:59.930626+00
A2,N0P60,SEED_83,0,2026-06-09 01:20:59.930626+00
A2,N0P60,SEED_84,0,2026-06-09 01:20:59.930626+00
A2,N0P60,SEED_86,0,2026-06-09 01:20:59.930626+00
A2,N0P60,SEED_89,0,2026-06-09 01:20:59.930626+00
A2,N0P60,SEED_92,0,2026-06-09 01:20:59.930626+00
A2,N0P60,SEED_97,0,2026-06-09 01:20:59.930626+00
A2,N0P61,SEED_10,1,2026-06-09 01:23:48.8653+00
A2,N0P61,SEED_101,0,2026-06-09 01:23:48.8653+00
A2,N0P61,SEED_104,0,2026-06-09 01:23:48.8653+00
A2,N0P61,SEED_106,1,2026-06-09 01:23:48.8653+00
A2,N0P61,SEED_108,0,2026-06-09 01:23:48.8653+00
A2,N0P61,SEED_11,0,2026-06-09 01:23:48.8653+00
A2,N0P61,SEED_113,1,2026-06-09 01:23:48.8653+00
A2,N0P61,SEED_116,0,2026-06-09 01:23:48.8653+00
A2,N0P61,SEED_16,1,2026-06-09 01:23:48.8653+00
A2,N0P61,SEED_2,1,2026-06-09 01:23:48.8653+00
A2,N0P61,SEED_23,0,2026-06-09 01:23:48.8653+00
A2,N0P61,SEED_27,0,2026-06-09 01:23:48.8653+00
A2,N0P61,SEED_39,0,2026-06-09 01:23:48.8653+00
A2,N0P61,SEED_42,0,2026-06-09 01:23:48.8653+00
A2,N0P61,SEED_43,1,2026-06-09 01:23:48.8653+00
A2,N0P61,SEED_46,0,2026-06-09 01:23:48.8653+00
A2,N0P61,SEED_48,0,2026-06-09 01:23:48.8653+00
A2,N0P61,SEED_54,0,2026-06-09 01:23:48.8653+00
A2,N0P61,SEED_62,0,2026-06-09 01:23:48.8653+00
A2,N0P61,SEED_65,0,2026-06-09 01:23:48.8653+00
A2,N0P61,SEED_67,0,2026-06-09 01:23:48.8653+00
A2,N0P61,SEED_71,0,2026-06-09 01:23:48.8653+00
A2,N0P61,SEED_76,1,2026-06-09 01:23:48.8653+00
A2,N0P61,SEED_82,1,2026-06-09 01:23:48.8653+00
A2,N0P61,SEED_85,0,2026-06-09 01:23:48.8653+00
A2,N0P61,SEED_87,0,2026-06-09 01:23:48.8653+00
A2,N0P61,SEED_89,0,2026-06-09 01:23:48.8653+00
A2,N0P61,SEED_90,1,2026-06-09 01:23:48.8653+00
A2,N0P61,SEED_94,0,2026-06-09 01:23:48.8653+00
A2,N0P61,SEED_97,0,2026-06-09 01:23:48.8653+00
A2,N0P63,SEED_100,0,2026-06-09 01:19:27.028569+00
A2,N0P63,SEED_103,0,2026-06-09 01:19:27.028569+00
A2,N0P63,SEED_110,0,2026-06-09 01:19:27.028569+00
A2,N0P63,SEED_113,0,2026-06-09 01:19:27.028569+00
A2,N0P63,SEED_115,1,2026-06-09 01:19:27.028569+00
A2,N0P63,SEED_116,0,2026-06-09 01:19:27.028569+00
A2,N0P63,SEED_118,0,2026-06-09 01:19:27.028569+00
A2,N0P63,SEED_20,0,2026-06-09 01:19:27.028569+00
A2,N0P63,SEED_24,1,2026-06-09 01:19:27.028569+00
A2,N0P63,SEED_29,0,2026-06-09 01:19:27.028569+00
A2,N0P63,SEED_30,1,2026-06-09 01:19:27.028569+00
A2,N0P63,SEED_36,1,2026-06-09 01:19:27.028569+00
A2,N0P63,SEED_39,1,2026-06-09 01:19:27.028569+00
A2,N0P63,SEED_46,0,2026-06-09 01:19:27.028569+00
A2,N0P63,SEED_47,0,2026-06-09 01:19:27.028569+00
A2,N0P63,SEED_48,0,2026-06-09 01:19:27.028569+00
A2,N0P63,SEED_53,0,2026-06-09 01:19:27.028569+00
A2,N0P63,SEED_56,0,2026-06-09 01:19:27.028569+00
A2,N0P63,SEED_57,0,2026-06-09 01:19:27.028569+00
A2,N0P63,SEED_59,1,2026-06-09 01:19:27.028569+00
A2,N0P63,SEED_60,0,2026-06-09 01:19:27.028569+00
A2,N0P63,SEED_64,1,2026-06-09 01:19:27.028569+00
A2,N0P63,SEED_67,0,2026-06-09 01:19:27.028569+00
A2,N0P63,SEED_68,1,2026-06-09 01:19:27.028569+00
A2,N0P63,SEED_73,0,2026-06-09 01:19:27.028569+00
A2,N0P63,SEED_78,0,2026-06-09 01:19:27.028569+00
A2,N0P63,SEED_86,0,2026-06-09 01:19:27.028569+00
A2,N0P63,SEED_92,0,2026-06-09 01:19:27.028569+00
A2,N0P63,SEED_95,1,2026-06-09 01:19:27.028569+00
A2,N0P63,SEED_96,0,2026-06-09 01:19:27.028569+00
A2,N0P66,SEED_101,1,2026-06-09 00:59:34.809248+00
A2,N0P66,SEED_106,0,2026-06-09 00:59:34.809248+00
A2,N0P66,SEED_108,0,2026-06-09 00:59:34.809248+00
A2,N0P66,SEED_111,1,2026-06-09 00:59:34.809248+00
A2,N0P66,SEED_14,0,2026-06-09 00:59:34.809248+00
A2,N0P66,SEED_15,0,2026-06-09 00:59:34.809248+00
A2,N0P66,SEED_19,1,2026-06-09 00:59:34.809248+00
A2,N0P66,SEED_2,1,2026-06-09 00:59:34.809248+00
A2,N0P66,SEED_27,0,2026-06-09 00:59:34.809248+00
A2,N0P66,SEED_30,1,2026-06-09 00:59:34.809248+00
A2,N0P66,SEED_36,0,2026-06-09 00:59:34.809248+00
A2,N0P66,SEED_38,0,2026-06-09 00:59:34.809248+00
A2,N0P66,SEED_53,0,2026-06-09 00:59:34.809248+00
A2,N0P66,SEED_54,0,2026-06-09 00:59:34.809248+00
A2,N0P66,SEED_58,1,2026-06-09 00:59:34.809248+00
A2,N0P66,SEED_6,0,2026-06-09 00:59:34.809248+00
A2,N0P66,SEED_63,0,2026-06-09 00:59:34.809248+00
A2,N0P66,SEED_65,0,2026-06-09 00:59:34.809248+00
A2,N0P66,SEED_67,0,2026-06-09 00:59:34.809248+00
A2,N0P66,SEED_68,1,2026-06-09 00:59:34.809248+00
A2,N0P66,SEED_70,0,2026-06-09 00:59:34.809248+00
A2,N0P66,SEED_73,0,2026-06-09 00:59:34.809248+00
A2,N0P66,SEED_76,0,2026-06-09 00:59:34.809248+00
A2,N0P66,SEED_77,0,2026-06-09 00:59:34.809248+00
A2,N0P66,SEED_79,0,2026-06-09 00:59:34.809248+00
A2,N0P66,SEED_8,0,2026-06-09 00:59:34.809248+00
A2,N0P66,SEED_80,0,2026-06-09 00:59:34.809248+00
A2,N0P66,SEED_81,1,2026-06-09 00:59:34.809248+00
A2,N0P66,SEED_93,0,2026-06-09 00:59:34.809248+00
A2,N0P66,SEED_99,1,2026-06-09 00:59:34.809248+00
A2,N0P71,SEED_101,1,2026-06-09 01:00:56.354759+00
A2,N0P71,SEED_108,1,2026-06-09 01:00:56.354759+00
A2,N0P71,SEED_111,0,2026-06-09 01:00:56.354759+00
A2,N0P71,SEED_118,0,2026-06-09 01:00:56.354759+00
A2,N0P71,SEED_16,1,2026-06-09 01:00:56.354759+00
A2,N0P71,SEED_18,0,2026-06-09 01:00:56.354759+00
A2,N0P71,SEED_20,0,2026-06-09 01:00:56.354759+00
A2,N0P71,SEED_3,0,2026-06-09 01:00:56.354759+00
A2,N0P71,SEED_35,0,2026-06-09 01:00:56.354759+00
A2,N0P71,SEED_4,0,2026-06-09 01:00:56.354759+00
A2,N0P71,SEED_44,0,2026-06-09 01:00:56.354759+00
A2,N0P71,SEED_45,1,2026-06-09 01:00:56.354759+00
A2,N0P71,SEED_46,0,2026-06-09 01:00:56.354759+00
A2,N0P71,SEED_5,0,2026-06-09 01:00:56.354759+00
A2,N0P71,SEED_51,1,2026-06-09 01:00:56.354759+00
A2,N0P71,SEED_55,1,2026-06-09 01:00:56.354759+00
A2,N0P71,SEED_56,0,2026-06-09 01:00:56.354759+00
A2,N0P71,SEED_57,0,2026-06-09 01:00:56.354759+00
A2,N0P71,SEED_65,1,2026-06-09 01:00:56.354759+00
A2,N0P71,SEED_7,0,2026-06-09 01:00:56.354759+00
A2,N0P71,SEED_77,0,2026-06-09 01:00:56.354759+00
A2,N0P71,SEED_78,0,2026-06-09 01:00:56.354759+00
A2,N0P71,SEED_81,0,2026-06-09 01:00:56.354759+00
A2,N0P71,SEED_85,1,2026-06-09 01:00:56.354759+00
A2,N0P71,SEED_86,1,2026-06-09 01:00:56.354759+00
A2,N0P71,SEED_88,0,2026-06-09 01:00:56.354759+00
A2,N0P71,SEED_9,0,2026-06-09 01:00:56.354759+00
A2,N0P71,SEED_93,0,2026-06-09 01:00:56.354759+00
A2,N0P71,SEED_95,1,2026-06-09 01:00:56.354759+00
A2,N0P71,SEED_98,0,2026-06-09 01:00:56.354759+00
A2,N0P75,SEED_105,0,2026-06-09 00:48:58.957609+00
A2,N0P75,SEED_107,0,2026-06-09 00:48:58.957609+00
A2,N0P75,SEED_108,1,2026-06-09 00:48:58.957609+00
A2,N0P75,SEED_112,0,2026-06-09 00:48:58.957609+00
A2,N0P75,SEED_113,1,2026-06-09 00:48:58.957609+00
A2,N0P75,SEED_16,0,2026-06-09 00:48:58.957609+00
A2,N0P75,SEED_23,0,2026-06-09 00:48:58.957609+00
A2,N0P75,SEED_39,0,2026-06-09 00:48:58.957609+00
A2,N0P75,SEED_40,0,2026-06-09 00:48:58.957609+00
A2,N0P75,SEED_44,0,2026-06-09 00:48:58.957609+00
A2,N0P75,SEED_50,1,2026-06-09 00:48:58.957609+00
A2,N0P75,SEED_52,0,2026-06-09 00:48:58.957609+00
A2,N0P75,SEED_55,1,2026-06-09 00:48:58.957609+00
A2,N0P75,SEED_57,0,2026-06-09 00:48:58.957609+00
A2,N0P75,SEED_59,0,2026-06-09 00:48:58.957609+00
A2,N0P75,SEED_61,1,2026-06-09 00:48:58.957609+00
A2,N0P75,SEED_64,0,2026-06-09 00:48:58.957609+00
A2,N0P75,SEED_66,1,2026-06-09 00:48:58.957609+00
A2,N0P75,SEED_67,0,2026-06-09 00:48:58.957609+00
A2,N0P75,SEED_7,0,2026-06-09 00:48:58.957609+00
A2,N0P75,SEED_70,0,2026-06-09 00:48:58.957609+00
A2,N0P75,SEED_73,0,2026-06-09 00:48:58.957609+00
A2,N0P75,SEED_75,1,2026-06-09 00:48:58.957609+00
A2,N0P75,SEED_81,0,2026-06-09 00:48:58.957609+00
A2,N0P75,SEED_82,0,2026-06-09 00:48:58.957609+00
A2,N0P75,SEED_87,0,2026-06-09 00:48:58.957609+00
A2,N0P75,SEED_9,0,2026-06-09 00:48:58.957609+00
A2,N0P75,SEED_91,1,2026-06-09 00:48:58.957609+00
A2,N0P75,SEED_92,1,2026-06-09 00:48:58.957609+00
A2,N0P75,SEED_98,0,2026-06-09 00:48:58.957609+00
A2,N0P78,SEED_100,0,2026-06-09 01:08:09.134085+00
A2,N0P78,SEED_103,0,2026-06-09 01:08:09.134085+00
A2,N0P78,SEED_115,0,2026-06-09 01:08:09.134085+00
A2,N0P78,SEED_118,1,2026-06-09 01:08:09.134085+00
A2,N0P78,SEED_13,1,2026-06-09 01:08:09.134085+00
A2,N0P78,SEED_16,0,2026-06-09 01:08:09.134085+00
A2,N0P78,SEED_18,0,2026-06-09 01:08:09.134085+00
A2,N0P78,SEED_20,0,2026-06-09 01:08:09.134085+00
A2,N0P78,SEED_26,0,2026-06-09 01:08:09.134085+00
A2,N0P78,SEED_31,1,2026-06-09 01:08:09.134085+00
A2,N0P78,SEED_38,0,2026-06-09 01:08:09.134085+00
A2,N0P78,SEED_40,1,2026-06-09 01:08:09.134085+00
A2,N0P78,SEED_43,0,2026-06-09 01:08:09.134085+00
A2,N0P78,SEED_44,0,2026-06-09 01:08:09.134085+00
A2,N0P78,SEED_47,0,2026-06-09 01:08:09.134085+00
A2,N0P78,SEED_51,0,2026-06-09 01:08:09.134085+00
A2,N0P78,SEED_53,0,2026-06-09 01:08:09.134085+00
A2,N0P78,SEED_56,0,2026-06-09 01:08:09.134085+00
A2,N0P78,SEED_58,0,2026-06-09 01:08:09.134085+00
A2,N0P78,SEED_59,1,2026-06-09 01:08:09.134085+00
A2,N0P78,SEED_61,0,2026-06-09 01:08:09.134085+00
A2,N0P78,SEED_65,0,2026-06-09 01:08:09.134085+00
A2,N0P78,SEED_7,0,2026-06-09 01:08:09.134085+00
A2,N0P78,SEED_71,1,2026-06-09 01:08:09.134085+00
A2,N0P78,SEED_77,1,2026-06-09 01:08:09.134085+00
A2,N0P78,SEED_87,0,2026-06-09 01:08:09.134085+00
A2,N0P78,SEED_88,0,2026-06-09 01:08:09.134085+00
A2,N0P78,SEED_9,0,2026-06-09 01:08:09.134085+00
A2,N0P78,SEED_91,0,2026-06-09 01:08:09.134085+00
A2,N0P78,SEED_93,1,2026-06-09 01:08:09.134085+00
A2,N0P79,SEED_104,1,2026-06-09 01:15:31.410288+00
A2,N0P79,SEED_106,1,2026-06-09 01:15:31.410288+00
A2,N0P79,SEED_11,0,2026-06-09 01:15:31.410288+00
A2,N0P79,SEED_115,0,2026-06-09 01:15:31.410288+00
A2,N0P79,SEED_119,1,2026-06-09 01:15:31.410288+00
A2,N0P79,SEED_12,0,2026-06-09 01:15:31.410288+00
A2,N0P79,SEED_15,0,2026-06-09 01:15:31.410288+00
A2,N0P79,SEED_18,0,2026-06-09 01:15:31.410288+00
A2,N0P79,SEED_2,0,2026-06-09 01:15:31.410288+00
A2,N0P79,SEED_20,0,2026-06-09 01:15:31.410288+00
A2,N0P79,SEED_24,0,2026-06-09 01:15:31.410288+00
A2,N0P79,SEED_31,1,2026-06-09 01:15:31.410288+00
A2,N0P79,SEED_34,1,2026-06-09 01:15:31.410288+00
A2,N0P79,SEED_37,0,2026-06-09 01:15:31.410288+00
A2,N0P79,SEED_39,1,2026-06-09 01:15:31.410288+00
A2,N0P79,SEED_40,1,2026-06-09 01:15:31.410288+00
A2,N0P79,SEED_41,0,2026-06-09 01:15:31.410288+00
A2,N0P79,SEED_49,0,2026-06-09 01:15:31.410288+00
A2,N0P79,SEED_53,1,2026-06-09 01:15:31.410288+00
A2,N0P79,SEED_57,1,2026-06-09 01:15:31.410288+00
A2,N0P79,SEED_59,0,2026-06-09 01:15:31.410288+00
A2,N0P79,SEED_6,0,2026-06-09 01:15:31.410288+00
A2,N0P79,SEED_63,0,2026-06-09 01:15:31.410288+00
A2,N0P79,SEED_65,0,2026-06-09 01:15:31.410288+00
A2,N0P79,SEED_73,0,2026-06-09 01:15:31.410288+00
A2,N0P79,SEED_78,0,2026-06-09 01:15:31.410288+00
A2,N0P79,SEED_92,0,2026-06-09 01:15:31.410288+00
A2,N0P79,SEED_94,1,2026-06-09 01:15:31.410288+00
A2,N0P79,SEED_97,0,2026-06-09 01:15:31.410288+00
A2,N0P79,SEED_99,0,2026-06-09 01:15:31.410288+00
A2,N0P8,SEED_0,0,2026-06-09 01:22:45.956018+00
A2,N0P8,SEED_102,0,2026-06-09 01:22:45.956018+00
A2,N0P8,SEED_108,0,2026-06-09 01:22:45.956018+00
A2,N0P8,SEED_109,0,2026-06-09 01:22:45.956018+00
A2,N0P8,SEED_11,1,2026-06-09 01:22:45.956018+00
A2,N0P8,SEED_110,0,2026-06-09 01:22:45.956018+00
A2,N0P8,SEED_115,0,2026-06-09 01:22:45.956018+00
A2,N0P8,SEED_16,0,2026-06-09 01:22:45.956018+00
A2,N0P8,SEED_19,0,2026-06-09 01:22:45.956018+00
A2,N0P8,SEED_20,1,2026-06-09 01:22:45.956018+00
A2,N0P8,SEED_26,0,2026-06-09 01:22:45.956018+00
A2,N0P8,SEED_32,1,2026-06-09 01:22:45.956018+00
A2,N0P8,SEED_33,0,2026-06-09 01:22:45.956018+00
A2,N0P8,SEED_34,0,2026-06-09 01:22:45.956018+00
A2,N0P8,SEED_35,1,2026-06-09 01:22:45.956018+00
A2,N0P8,SEED_36,0,2026-06-09 01:22:45.956018+00
A2,N0P8,SEED_42,1,2026-06-09 01:22:45.956018+00
A2,N0P8,SEED_43,1,2026-06-09 01:22:45.956018+00
A2,N0P8,SEED_5,1,2026-06-09 01:22:45.956018+00
A2,N0P8,SEED_54,0,2026-06-09 01:22:45.956018+00
A2,N0P8,SEED_56,0,2026-06-09 01:22:45.956018+00
A2,N0P8,SEED_6,0,2026-06-09 01:22:45.956018+00
A2,N0P8,SEED_62,1,2026-06-09 01:22:45.956018+00
A2,N0P8,SEED_64,0,2026-06-09 01:22:45.956018+00
A2,N0P8,SEED_70,0,2026-06-09 01:22:45.956018+00
A2,N0P8,SEED_77,1,2026-06-09 01:22:45.956018+00
A2,N0P8,SEED_81,0,2026-06-09 01:22:45.956018+00
A2,N0P8,SEED_87,0,2026-06-09 01:22:45.956018+00
A2,N0P8,SEED_90,0,2026-06-09 01:22:45.956018+00
A2,N0P8,SEED_91,0,2026-06-09 01:22:45.956018+00
A2,N0P85,SEED_102,0,2026-06-09 01:42:12.982693+00
A2,N0P85,SEED_118,0,2026-06-09 01:42:12.982693+00
A2,N0P85,SEED_22,1,2026-06-09 01:42:12.982693+00
A2,N0P85,SEED_24,1,2026-06-09 01:42:12.982693+00
A2,N0P85,SEED_28,0,2026-06-09 01:42:12.982693+00
A2,N0P85,SEED_31,1,2026-06-09 01:42:12.982693+00
A2,N0P85,SEED_33,1,2026-06-09 01:42:12.982693+00
A2,N0P85,SEED_35,0,2026-06-09 01:42:12.982693+00
A2,N0P85,SEED_36,0,2026-06-09 01:42:12.982693+00
A2,N0P85,SEED_38,0,2026-06-09 01:42:12.982693+00
A2,N0P85,SEED_40,0,2026-06-09 01:42:12.982693+00
A2,N0P85,SEED_43,0,2026-06-09 01:42:12.982693+00
A2,N0P85,SEED_45,1,2026-06-09 01:42:12.982693+00
A2,N0P85,SEED_48,0,2026-06-09 01:42:12.982693+00
A2,N0P85,SEED_58,0,2026-06-09 01:42:12.982693+00
A2,N0P85,SEED_61,0,2026-06-09 01:42:12.982693+00
A2,N0P85,SEED_67,0,2026-06-09 01:42:12.982693+00
A2,N0P85,SEED_68,1,2026-06-09 01:42:12.982693+00
A2,N0P85,SEED_69,1,2026-06-09 01:42:12.982693+00
A2,N0P85,SEED_71,0,2026-06-09 01:42:12.982693+00
A2,N0P85,SEED_78,0,2026-06-09 01:42:12.982693+00
A2,N0P85,SEED_82,0,2026-06-09 01:42:12.982693+00
A2,N0P85,SEED_84,0,2026-06-09 01:42:12.982693+00
A2,N0P85,SEED_86,0,2026-06-09 01:42:12.982693+00
A2,N0P85,SEED_87,0,2026-06-09 01:42:12.982693+00
A2,N0P85,SEED_88,0,2026-06-09 01:42:12.982693+00
A2,N0P85,SEED_90,0,2026-06-09 01:42:12.982693+00
A2,N0P85,SEED_92,1,2026-06-09 01:42:12.982693+00
A2,N0P85,SEED_94,0,2026-06-09 01:42:12.982693+00
A2,N0P85,SEED_98,1,2026-06-09 01:42:12.982693+00
A2,N0P88,SEED_108,1,2026-06-09 00:58:01.174977+00
A2,N0P88,SEED_11,0,2026-06-09 00:58:01.174977+00
A2,N0P88,SEED_111,1,2026-06-09 00:58:01.174977+00
A2,N0P88,SEED_112,0,2026-06-09 00:58:01.174977+00
A2,N0P88,SEED_115,0,2026-06-09 00:58:01.174977+00
A2,N0P88,SEED_116,0,2026-06-09 00:58:01.174977+00
A2,N0P88,SEED_118,0,2026-06-09 00:58:01.174977+00
A2,N0P88,SEED_20,0,2026-06-09 00:58:01.174977+00
A2,N0P88,SEED_22,0,2026-06-09 00:58:01.174977+00
A2,N0P88,SEED_25,0,2026-06-09 00:58:01.174977+00
A2,N0P88,SEED_29,0,2026-06-09 00:58:01.174977+00
A2,N0P88,SEED_36,0,2026-06-09 00:58:01.174977+00
A2,N0P88,SEED_4,0,2026-06-09 00:58:01.174977+00
A2,N0P88,SEED_41,0,2026-06-09 00:58:01.174977+00
A2,N0P88,SEED_50,0,2026-06-09 00:58:01.174977+00
A2,N0P88,SEED_52,0,2026-06-09 00:58:01.174977+00
A2,N0P88,SEED_53,0,2026-06-09 00:58:01.174977+00
A2,N0P88,SEED_60,1,2026-06-09 00:58:01.174977+00
A2,N0P88,SEED_61,1,2026-06-09 00:58:01.174977+00
A2,N0P88,SEED_68,1,2026-06-09 00:58:01.174977+00
A2,N0P88,SEED_7,0,2026-06-09 00:58:01.174977+00
A2,N0P88,SEED_73,0,2026-06-09 00:58:01.174977+00
A2,N0P88,SEED_82,0,2026-06-09 00:58:01.174977+00
A2,N0P88,SEED_83,1,2026-06-09 00:58:01.174977+00
A2,N0P88,SEED_92,1,2026-06-09 00:58:01.174977+00
A2,N0P88,SEED_94,1,2026-06-09 00:58:01.174977+00
A2,N0P88,SEED_95,0,2026-06-09 00:58:01.174977+00
A2,N0P88,SEED_96,0,2026-06-09 00:58:01.174977+00
A2,N0P88,SEED_97,1,2026-06-09 00:58:01.174977+00
A2,N0P88,SEED_98,0,2026-06-09 00:58:01.174977+00
A2,N0P89,SEED_1,1,2026-06-09 01:50:06.162434+00
A2,N0P89,SEED_105,0,2026-06-09 01:50:06.162434+00
A2,N0P89,SEED_106,0,2026-06-09 01:50:06.162434+00
A2,N0P89,SEED_108,0,2026-06-09 01:50:06.162434+00
A2,N0P89,SEED_111,0,2026-06-09 01:50:06.162434+00
A2,N0P89,SEED_112,0,2026-06-09 01:50:06.162434+00
A2,N0P89,SEED_13,0,2026-06-09 01:50:06.162434+00
A2,N0P89,SEED_14,1,2026-06-09 01:50:06.162434+00
A2,N0P89,SEED_17,0,2026-06-09 01:50:06.162434+00
A2,N0P89,SEED_20,0,2026-06-09 01:50:06.162434+00
A2,N0P89,SEED_23,0,2026-06-09 01:50:06.162434+00
A2,N0P89,SEED_24,0,2026-06-09 01:50:06.162434+00
A2,N0P89,SEED_32,0,2026-06-09 01:50:06.162434+00
A2,N0P89,SEED_34,0,2026-06-09 01:50:06.162434+00
A2,N0P89,SEED_36,1,2026-06-09 01:50:06.162434+00
A2,N0P89,SEED_37,1,2026-06-09 01:50:06.162434+00
A2,N0P89,SEED_38,0,2026-06-09 01:50:06.162434+00
A2,N0P89,SEED_4,0,2026-06-09 01:50:06.162434+00
A2,N0P89,SEED_42,0,2026-06-09 01:50:06.162434+00
A2,N0P89,SEED_58,0,2026-06-09 01:50:06.162434+00
A2,N0P89,SEED_59,0,2026-06-09 01:50:06.162434+00
A2,N0P89,SEED_63,0,2026-06-09 01:50:06.162434+00
A2,N0P89,SEED_64,1,2026-06-09 01:50:06.162434+00
A2,N0P89,SEED_67,0,2026-06-09 01:50:06.162434+00
A2,N0P89,SEED_69,1,2026-06-09 01:50:06.162434+00
A2,N0P89,SEED_72,0,2026-06-09 01:50:06.162434+00
A2,N0P89,SEED_77,0,2026-06-09 01:50:06.162434+00
A2,N0P89,SEED_82,0,2026-06-09 01:50:06.162434+00
A2,N0P89,SEED_93,0,2026-06-09 01:50:06.162434+00
A2,N0P89,SEED_95,0,2026-06-09 01:50:06.162434+00
A2,N0P9,SEED_1,0,2026-06-09 01:02:46.311988+00
A2,N0P9,SEED_103,0,2026-06-09 01:02:46.311988+00
A2,N0P9,SEED_106,0,2026-06-09 01:02:46.311988+00
A2,N0P9,SEED_113,1,2026-06-09 01:02:46.311988+00
A2,N0P9,SEED_119,1,2026-06-09 01:02:46.311988+00
A2,N0P9,SEED_13,0,2026-06-09 01:02:46.311988+00
A2,N0P9,SEED_14,0,2026-06-09 01:02:46.311988+00
A2,N0P9,SEED_16,1,2026-06-09 01:02:46.311988+00
A2,N0P9,SEED_18,0,2026-06-09 01:02:46.311988+00
A2,N0P9,SEED_19,0,2026-06-09 01:02:46.311988+00
A2,N0P9,SEED_26,0,2026-06-09 01:02:46.311988+00
A2,N0P9,SEED_31,0,2026-06-09 01:02:46.311988+00
A2,N0P9,SEED_39,1,2026-06-09 01:02:46.311988+00
A2,N0P9,SEED_4,1,2026-06-09 01:02:46.311988+00
A2,N0P9,SEED_45,1,2026-06-09 01:02:46.311988+00
A2,N0P9,SEED_46,0,2026-06-09 01:02:46.311988+00
A2,N0P9,SEED_47,1,2026-06-09 01:02:46.311988+00
A2,N0P9,SEED_5,0,2026-06-09 01:02:46.311988+00
A2,N0P9,SEED_52,0,2026-06-09 01:02:46.311988+00
A2,N0P9,SEED_55,0,2026-06-09 01:02:46.311988+00
A2,N0P9,SEED_69,0,2026-06-09 01:02:46.311988+00
A2,N0P9,SEED_70,0,2026-06-09 01:02:46.311988+00
A2,N0P9,SEED_71,0,2026-06-09 01:02:46.311988+00
A2,N0P9,SEED_74,0,2026-06-09 01:02:46.311988+00
A2,N0P9,SEED_79,0,2026-06-09 01:02:46.311988+00
A2,N0P9,SEED_85,1,2026-06-09 01:02:46.311988+00
A2,N0P9,SEED_87,1,2026-06-09 01:02:46.311988+00
A2,N0P9,SEED_88,0,2026-06-09 01:02:46.311988+00
A2,N0P9,SEED_9,0,2026-06-09 01:02:46.311988+00
A2,N0P9,SEED_99,1,2026-06-09 01:02:46.311988+00
A2,N0P91,SEED_1,1,2026-06-09 01:18:12.776325+00
A2,N0P91,SEED_102,0,2026-06-09 01:18:12.776325+00
A2,N0P91,SEED_104,0,2026-06-09 01:18:12.776325+00
A2,N0P91,SEED_108,1,2026-06-09 01:18:12.776325+00
A2,N0P91,SEED_15,0,2026-06-09 01:18:12.776325+00
A2,N0P91,SEED_20,1,2026-06-09 01:18:12.776325+00
A2,N0P91,SEED_30,0,2026-06-09 01:18:12.776325+00
A2,N0P91,SEED_33,0,2026-06-09 01:18:12.776325+00
A2,N0P91,SEED_34,1,2026-06-09 01:18:12.776325+00
A2,N0P91,SEED_37,0,2026-06-09 01:18:12.776325+00
A2,N0P91,SEED_38,1,2026-06-09 01:18:12.776325+00
A2,N0P91,SEED_39,0,2026-06-09 01:18:12.776325+00
A2,N0P91,SEED_42,1,2026-06-09 01:18:12.776325+00
A2,N0P91,SEED_46,0,2026-06-09 01:18:12.776325+00
A2,N0P91,SEED_47,0,2026-06-09 01:18:12.776325+00
A2,N0P91,SEED_51,0,2026-06-09 01:18:12.776325+00
A2,N0P91,SEED_59,1,2026-06-09 01:18:12.776325+00
A2,N0P91,SEED_64,0,2026-06-09 01:18:12.776325+00
A2,N0P91,SEED_7,0,2026-06-09 01:18:12.776325+00
A2,N0P91,SEED_73,0,2026-06-09 01:18:12.776325+00
A2,N0P91,SEED_74,0,2026-06-09 01:18:12.776325+00
A2,N0P91,SEED_78,0,2026-06-09 01:18:12.776325+00
A2,N0P91,SEED_81,0,2026-06-09 01:18:12.776325+00
A2,N0P91,SEED_83,0,2026-06-09 01:18:12.776325+00
A2,N0P91,SEED_85,0,2026-06-09 01:18:12.776325+00
A2,N0P91,SEED_87,1,2026-06-09 01:18:12.776325+00
A2,N0P91,SEED_88,0,2026-06-09 01:18:12.776325+00
A2,N0P91,SEED_90,0,2026-06-09 01:18:12.776325+00
A2,N0P91,SEED_92,0,2026-06-09 01:18:12.776325+00
A2,N0P91,SEED_96,0,2026-06-09 01:18:12.776325+00
A2,N0P92,SEED_10,0,2026-06-09 01:25:24.458275+00
A2,N0P92,SEED_102,0,2026-06-09 01:25:24.458275+00
A2,N0P92,SEED_107,0,2026-06-09 01:25:24.458275+00
A2,N0P92,SEED_17,1,2026-06-09 01:25:24.458275+00
A2,N0P92,SEED_19,0,2026-06-09 01:25:24.458275+00
A2,N0P92,SEED_27,1,2026-06-09 01:25:24.458275+00
A2,N0P92,SEED_28,1,2026-06-09 01:25:24.458275+00
A2,N0P92,SEED_31,0,2026-06-09 01:25:24.458275+00
A2,N0P92,SEED_46,0,2026-06-09 01:25:24.458275+00
A2,N0P92,SEED_47,0,2026-06-09 01:25:24.458275+00
A2,N0P92,SEED_53,0,2026-06-09 01:25:24.458275+00
A2,N0P92,SEED_57,0,2026-06-09 01:25:24.458275+00
A2,N0P92,SEED_58,0,2026-06-09 01:25:24.458275+00
A2,N0P92,SEED_60,0,2026-06-09 01:25:24.458275+00
A2,N0P92,SEED_61,1,2026-06-09 01:25:24.458275+00
A2,N0P92,SEED_67,0,2026-06-09 01:25:24.458275+00
A2,N0P92,SEED_68,1,2026-06-09 01:25:24.458275+00
A2,N0P92,SEED_70,1,2026-06-09 01:25:24.458275+00
A2,N0P92,SEED_72,1,2026-06-09 01:25:24.458275+00
A2,N0P92,SEED_76,0,2026-06-09 01:25:24.458275+00
A2,N0P92,SEED_77,1,2026-06-09 01:25:24.458275+00
A2,N0P92,SEED_85,0,2026-06-09 01:25:24.458275+00
A2,N0P92,SEED_87,1,2026-06-09 01:25:24.458275+00
A2,N0P92,SEED_89,0,2026-06-09 01:25:24.458275+00
A2,N0P92,SEED_9,0,2026-06-09 01:25:24.458275+00
A2,N0P92,SEED_90,0,2026-06-09 01:25:24.458275+00
A2,N0P92,SEED_95,0,2026-06-09 01:25:24.458275+00
A2,N0P92,SEED_96,0,2026-06-09 01:25:24.458275+00
A2,N0P92,SEED_97,0,2026-06-09 01:25:24.458275+00
A2,N0P92,SEED_99,1,2026-06-09 01:25:24.458275+00
A2,N0P97,SEED_102,0,2026-06-09 00:56:17.790399+00
A2,N0P97,SEED_104,0,2026-06-09 00:56:17.790399+00
A2,N0P97,SEED_110,1,2026-06-09 00:56:17.790399+00
A2,N0P97,SEED_115,0,2026-06-09 00:56:17.790399+00
A2,N0P97,SEED_17,0,2026-06-09 00:56:17.790399+00
A2,N0P97,SEED_18,0,2026-06-09 00:56:17.790399+00
A2,N0P97,SEED_27,0,2026-06-09 00:56:17.790399+00
A2,N0P97,SEED_28,0,2026-06-09 00:56:17.790399+00
A2,N0P97,SEED_29,0,2026-06-09 00:56:17.790399+00
A2,N0P97,SEED_30,0,2026-06-09 00:56:17.790399+00
A2,N0P97,SEED_37,0,2026-06-09 00:56:17.790399+00
A2,N0P97,SEED_38,0,2026-06-09 00:56:17.790399+00
A2,N0P97,SEED_40,1,2026-06-09 00:56:17.790399+00
A2,N0P97,SEED_41,1,2026-06-09 00:56:17.790399+00
A2,N0P97,SEED_5,0,2026-06-09 00:56:17.790399+00
A2,N0P97,SEED_51,1,2026-06-09 00:56:17.790399+00
A2,N0P97,SEED_56,0,2026-06-09 00:56:17.790399+00
A2,N0P97,SEED_64,0,2026-06-09 00:56:17.790399+00
A2,N0P97,SEED_66,1,2026-06-09 00:56:17.790399+00
A2,N0P97,SEED_69,1,2026-06-09 00:56:17.790399+00
A2,N0P97,SEED_7,1,2026-06-09 00:56:17.790399+00
A2,N0P97,SEED_73,0,2026-06-09 00:56:17.790399+00
A2,N0P97,SEED_76,0,2026-06-09 00:56:17.790399+00
A2,N0P97,SEED_84,1,2026-06-09 00:56:17.790399+00
A2,N0P97,SEED_86,0,2026-06-09 00:56:17.790399+00
A2,N0P97,SEED_93,0,2026-06-09 00:56:17.790399+00
A2,N0P97,SEED_94,1,2026-06-09 00:56:17.790399+00
A2,N0P97,SEED_96,0,2026-06-09 00:56:17.790399+00
A2,N0P97,SEED_98,0,2026-06-09 00:56:17.790399+00
A2,N0P97,SEED_99,1,2026-06-09 00:56:17.790399+00
A3,N0P54,SEED_0,0,2026-06-05 22:40:12.661241+00
A3,N0P54,SEED_111,0,2026-06-05 22:40:12.661241+00
A3,N0P54,SEED_15,0,2026-06-05 22:40:12.661241+00
A3,N0P54,SEED_16,0,2026-06-05 22:40:12.661241+00
A3,N0P54,SEED_17,0,2026-06-05 22:40:12.661241+00
A3,N0P54,SEED_22,0,2026-06-05 22:40:12.661241+00
A3,N0P54,SEED_26,0,2026-06-05 22:40:12.661241+00
A3,N0P54,SEED_27,0,2026-06-05 22:40:12.661241+00
A3,N0P54,SEED_28,0,2026-06-05 22:40:12.661241+00
A3,N0P54,SEED_29,0,2026-06-05 22:40:12.661241+00
A3,N0P54,SEED_32,0,2026-06-05 22:40:12.661241+00
A3,N0P54,SEED_37,0,2026-06-05 22:40:12.661241+00
A3,N0P54,SEED_38,0,2026-06-05 22:40:12.661241+00
A3,N0P54,SEED_39,0,2026-06-05 22:40:12.661241+00
A3,N0P54,SEED_41,0,2026-06-05 22:40:12.661241+00
A3,N0P54,SEED_48,1,2026-06-05 22:40:12.661241+00
A3,N0P54,SEED_5,0,2026-06-05 22:40:12.661241+00
A3,N0P54,SEED_50,1,2026-06-05 22:40:12.661241+00
A3,N0P54,SEED_55,0,2026-06-05 22:40:12.661241+00
A3,N0P54,SEED_63,0,2026-06-05 22:40:12.661241+00
A3,N0P54,SEED_64,0,2026-06-05 22:40:12.661241+00
A3,N0P54,SEED_67,0,2026-06-05 22:40:12.661241+00
A3,N0P54,SEED_68,0,2026-06-05 22:40:12.661241+00
A3,N0P54,SEED_7,0,2026-06-05 22:40:12.661241+00
A3,N0P54,SEED_76,0,2026-06-05 22:40:12.661241+00
A3,N0P54,SEED_85,0,2026-06-05 22:40:12.661241+00
A3,N0P54,SEED_90,0,2026-06-05 22:40:12.661241+00
A3,N0P54,SEED_95,0,2026-06-05 22:40:12.661241+00
A3,N0P54,SEED_97,0,2026-06-05 22:40:12.661241+00
A3,N0P54,SEED_98,0,2026-06-05 22:40:12.661241+00
A4,N0P110,SEED_1,0,2026-05-26 01:55:35.76684+00
A4,N0P110,SEED_10,0,2026-05-26 01:55:35.76684+00
A4,N0P110,SEED_100,0,2026-05-26 01:55:35.76684+00
A4,N0P110,SEED_101,0,2026-05-26 01:55:35.76684+00
A4,N0P110,SEED_103,1,2026-05-26 01:55:35.76684+00
A4,N0P110,SEED_106,1,2026-05-26 01:55:35.76684+00
A4,N0P110,SEED_110,0,2026-05-26 01:55:35.76684+00
A4,N0P110,SEED_118,0,2026-05-26 01:55:35.76684+00
A4,N0P110,SEED_17,1,2026-05-26 01:55:35.76684+00
A4,N0P110,SEED_18,1,2026-05-26 01:55:35.76684+00
A4,N0P110,SEED_21,0,2026-05-26 01:55:35.76684+00
A4,N0P110,SEED_31,0,2026-05-26 01:55:35.76684+00
A4,N0P110,SEED_34,0,2026-05-26 01:55:35.76684+00
A4,N0P110,SEED_35,0,2026-05-26 01:55:35.76684+00
A4,N0P110,SEED_37,0,2026-05-26 01:55:35.76684+00
A4,N0P110,SEED_38,0,2026-05-26 01:55:35.76684+00
A4,N0P110,SEED_48,1,2026-05-26 01:55:35.76684+00
A4,N0P110,SEED_49,0,2026-05-26 01:55:35.76684+00
A4,N0P110,SEED_52,1,2026-05-26 01:55:35.76684+00
A4,N0P110,SEED_53,1,2026-05-26 01:55:35.76684+00
A4,N0P110,SEED_55,1,2026-05-26 01:55:35.76684+00
A4,N0P110,SEED_61,0,2026-05-26 01:55:35.76684+00
A4,N0P110,SEED_63,0,2026-05-26 01:55:35.76684+00
A4,N0P110,SEED_66,1,2026-05-26 01:55:35.76684+00
A4,N0P110,SEED_71,0,2026-05-26 01:55:35.76684+00
A4,N0P110,SEED_73,1,2026-05-26 01:55:35.76684+00
A4,N0P110,SEED_8,0,2026-05-26 01:55:35.76684+00
A4,N0P110,SEED_87,0,2026-05-26 01:55:35.76684+00
A4,N0P110,SEED_92,0,2026-05-26 01:55:35.76684+00
A4,N0P110,SEED_99,0,2026-05-26 01:55:35.76684+00
A4,N0P47,SEED_1,0,2026-05-26 01:53:07.008285+00
A4,N0P47,SEED_100,0,2026-05-26 01:53:07.008285+00
A4,N0P47,SEED_101,0,2026-05-26 01:53:07.008285+00
A4,N0P47,SEED_113,0,2026-05-26 01:53:07.008285+00
A4,N0P47,SEED_119,0,2026-05-26 01:53:07.008285+00
A4,N0P47,SEED_13,0,2026-05-26 01:53:07.008285+00
A4,N0P47,SEED_14,0,2026-05-26 01:53:07.008285+00
A4,N0P47,SEED_16,0,2026-05-26 01:53:07.008285+00
A4,N0P47,SEED_2,0,2026-05-26 01:53:07.008285+00
A4,N0P47,SEED_22,0,2026-05-26 01:53:07.008285+00
A4,N0P47,SEED_28,0,2026-05-26 01:53:07.008285+00
A4,N0P47,SEED_30,0,2026-05-26 01:53:07.008285+00
A4,N0P47,SEED_33,1,2026-05-26 01:53:07.008285+00
A4,N0P47,SEED_41,1,2026-05-26 01:53:07.008285+00
A4,N0P47,SEED_45,1,2026-05-26 01:53:07.008285+00
A4,N0P47,SEED_46,0,2026-05-26 01:53:07.008285+00
A4,N0P47,SEED_5,0,2026-05-26 01:53:07.008285+00
A4,N0P47,SEED_53,1,2026-05-26 01:53:07.008285+00
A4,N0P47,SEED_57,0,2026-05-26 01:53:07.008285+00
A4,N0P47,SEED_6,1,2026-05-26 01:53:07.008285+00
A4,N0P47,SEED_60,1,2026-05-26 01:53:07.008285+00
A4,N0P47,SEED_64,0,2026-05-26 01:53:07.008285+00
A4,N0P47,SEED_65,1,2026-05-26 01:53:07.008285+00
A4,N0P47,SEED_67,0,2026-05-26 01:53:07.008285+00
A4,N0P47,SEED_75,0,2026-05-26 01:53:07.008285+00
A4,N0P47,SEED_78,1,2026-05-26 01:53:07.008285+00
A4,N0P47,SEED_8,0,2026-05-26 01:53:07.008285+00
A4,N0P47,SEED_94,0,2026-05-26 01:53:07.008285+00
A4,N0P47,SEED_95,1,2026-05-26 01:53:07.008285+00
A4,N0P47,SEED_99,1,2026-05-26 01:53:07.008285+00
A4,N0P56,SEED_10,0,2026-05-26 01:54:29.142236+00
A4,N0P56,SEED_100,0,2026-05-26 01:54:29.142236+00
A4,N0P56,SEED_108,0,2026-05-26 01:54:29.142236+00
A4,N0P56,SEED_11,1,2026-05-26 01:54:29.142236+00
A4,N0P56,SEED_111,0,2026-05-26 01:54:29.142236+00
A4,N0P56,SEED_118,0,2026-05-26 01:54:29.142236+00
A4,N0P56,SEED_13,1,2026-05-26 01:54:29.142236+00
A4,N0P56,SEED_14,1,2026-05-26 01:54:29.142236+00
A4,N0P56,SEED_18,1,2026-05-26 01:54:29.142236+00
A4,N0P56,SEED_21,0,2026-05-26 01:54:29.142236+00
A4,N0P56,SEED_24,0,2026-05-26 01:54:29.142236+00
A4,N0P56,SEED_28,0,2026-05-26 01:54:29.142236+00
A4,N0P56,SEED_30,0,2026-05-26 01:54:29.142236+00
A4,N0P56,SEED_31,0,2026-05-26 01:54:29.142236+00
A4,N0P56,SEED_39,0,2026-05-26 01:54:29.142236+00
A4,N0P56,SEED_42,0,2026-05-26 01:54:29.142236+00
A4,N0P56,SEED_43,0,2026-05-26 01:54:29.142236+00
A4,N0P56,SEED_44,0,2026-05-26 01:54:29.142236+00
A4,N0P56,SEED_50,0,2026-05-26 01:54:29.142236+00
A4,N0P56,SEED_51,0,2026-05-26 01:54:29.142236+00
A4,N0P56,SEED_55,1,2026-05-26 01:54:29.142236+00
A4,N0P56,SEED_65,1,2026-05-26 01:54:29.142236+00
A4,N0P56,SEED_67,0,2026-05-26 01:54:29.142236+00
A4,N0P56,SEED_75,1,2026-05-26 01:54:29.142236+00
A4,N0P56,SEED_81,0,2026-05-26 01:54:29.142236+00
A4,N0P56,SEED_82,0,2026-05-26 01:54:29.142236+00
A4,N0P56,SEED_9,1,2026-05-26 01:54:29.142236+00
A4,N0P56,SEED_94,0,2026-05-26 01:54:29.142236+00
A4,N0P56,SEED_95,1,2026-05-26 01:54:29.142236+00
A4,N0P56,SEED_99,1,2026-05-26 01:54:29.142236+00
A5,N0P83,SEED_100,1,2026-05-27 01:07:56.969169+00
A5,N0P83,SEED_101,0,2026-05-27 01:07:56.969169+00
A5,N0P83,SEED_104,0,2026-05-27 01:07:56.969169+00
A5,N0P83,SEED_107,0,2026-05-27 01:07:56.969169+00
A5,N0P83,SEED_109,0,2026-05-27 01:07:56.969169+00
A5,N0P83,SEED_110,1,2026-05-27 01:07:56.969169+00
A5,N0P83,SEED_112,0,2026-05-27 01:07:56.969169+00
A5,N0P83,SEED_14,0,2026-05-27 01:07:56.969169+00
A5,N0P83,SEED_2,1,2026-05-27 01:07:56.969169+00
A5,N0P83,SEED_21,0,2026-05-27 01:07:56.969169+00
A5,N0P83,SEED_29,1,2026-05-27 01:07:56.969169+00
A5,N0P83,SEED_3,0,2026-05-27 01:07:56.969169+00
A5,N0P83,SEED_33,1,2026-05-27 01:07:56.969169+00
A5,N0P83,SEED_39,1,2026-05-27 01:07:56.969169+00
A5,N0P83,SEED_42,0,2026-05-27 01:07:56.969169+00
A5,N0P83,SEED_47,0,2026-05-27 01:07:56.969169+00
A5,N0P83,SEED_53,1,2026-05-27 01:07:56.969169+00
A5,N0P83,SEED_6,1,2026-05-27 01:07:56.969169+00
A5,N0P83,SEED_60,0,2026-05-27 01:07:56.969169+00
A5,N0P83,SEED_61,1,2026-05-27 01:07:56.969169+00
A5,N0P83,SEED_67,0,2026-05-27 01:07:56.969169+00
A5,N0P83,SEED_73,0,2026-05-27 01:07:56.969169+00
A5,N0P83,SEED_74,0,2026-05-27 01:07:56.969169+00
A5,N0P83,SEED_76,0,2026-05-27 01:07:56.969169+00
A5,N0P83,SEED_80,0,2026-05-27 01:07:56.969169+00
A5,N0P83,SEED_83,0,2026-05-27 01:07:56.969169+00
A5,N0P83,SEED_86,0,2026-05-27 01:07:56.969169+00
A5,N0P83,SEED_88,0,2026-05-27 01:07:56.969169+00
A5,N0P83,SEED_92,1,2026-05-27 01:07:56.969169+00
A5,N0P83,SEED_99,0,2026-05-27 01:07:56.969169+00
A6,N0P112,SEED_100,0,2026-06-02 04:38:50.229567+00
A6,N0P112,SEED_104,0,2026-06-02 04:38:50.229567+00
A6,N0P112,SEED_109,0,2026-06-02 04:38:50.229567+00
A6,N0P112,SEED_117,1,2026-06-02 04:38:50.229567+00
A6,N0P112,SEED_119,0,2026-06-02 04:38:50.229567+00
A6,N0P112,SEED_14,0,2026-06-02 04:38:50.229567+00
A6,N0P112,SEED_22,1,2026-06-02 04:38:50.229567+00
A6,N0P112,SEED_23,0,2026-06-02 04:38:50.229567+00
A6,N0P112,SEED_25,0,2026-06-02 04:38:50.229567+00
A6,N0P112,SEED_3,0,2026-06-02 04:38:50.229567+00
A6,N0P112,SEED_31,1,2026-06-02 04:38:50.229567+00
A6,N0P112,SEED_35,1,2026-06-02 04:38:50.229567+00
A6,N0P112,SEED_37,0,2026-06-02 04:38:50.229567+00
A6,N0P112,SEED_40,0,2026-06-02 04:38:50.229567+00
A6,N0P112,SEED_41,0,2026-06-02 04:38:50.229567+00
A6,N0P112,SEED_46,0,2026-06-02 04:38:50.229567+00
A6,N0P112,SEED_48,0,2026-06-02 04:38:50.229567+00
A6,N0P112,SEED_50,1,2026-06-02 04:38:50.229567+00
A6,N0P112,SEED_59,1,2026-06-02 04:38:50.229567+00
A6,N0P112,SEED_62,1,2026-06-02 04:38:50.229567+00
A6,N0P112,SEED_69,1,2026-06-02 04:38:50.229567+00
A6,N0P112,SEED_70,0,2026-06-02 04:38:50.229567+00
A6,N0P112,SEED_72,0,2026-06-02 04:38:50.229567+00
A6,N0P112,SEED_73,0,2026-06-02 04:38:50.229567+00
A6,N0P112,SEED_75,0,2026-06-02 04:38:50.229567+00
A6,N0P112,SEED_81,0,2026-06-02 04:38:50.229567+00
A6,N0P112,SEED_87,1,2026-06-02 04:38:50.229567+00
A6,N0P112,SEED_88,0,2026-06-02 04:38:50.229567+00
A6,N0P112,SEED_90,1,2026-06-02 04:38:50.229567+00
A6,N0P112,SEED_94,0,2026-06-02 04:38:50.229567+00
A6,N0P84,SEED_103,0,2026-06-02 04:35:35.193219+00
A6,N0P84,SEED_105,0,2026-06-02 04:35:35.193219+00
A6,N0P84,SEED_118,0,2026-06-02 04:35:35.193219+00
A6,N0P84,SEED_14,0,2026-06-02 04:35:35.193219+00
A6,N0P84,SEED_17,0,2026-06-02 04:35:35.193219+00
A6,N0P84,SEED_18,0,2026-06-02 04:35:35.193219+00
A6,N0P84,SEED_19,0,2026-06-02 04:35:35.193219+00
A6,N0P84,SEED_2,0,2026-06-02 04:35:35.193219+00
A6,N0P84,SEED_24,0,2026-06-02 04:35:35.193219+00
A6,N0P84,SEED_26,1,2026-06-02 04:35:35.193219+00
A6,N0P84,SEED_31,1,2026-06-02 04:35:35.193219+00
A6,N0P84,SEED_4,0,2026-06-02 04:35:35.193219+00
A6,N0P84,SEED_40,1,2026-06-02 04:35:35.193219+00
A6,N0P84,SEED_52,0,2026-06-02 04:35:35.193219+00
A6,N0P84,SEED_53,0,2026-06-02 04:35:35.193219+00
A6,N0P84,SEED_56,0,2026-06-02 04:35:35.193219+00
A6,N0P84,SEED_60,1,2026-06-02 04:35:35.193219+00
A6,N0P84,SEED_64,0,2026-06-02 04:35:35.193219+00
A6,N0P84,SEED_66,0,2026-06-02 04:35:35.193219+00
A6,N0P84,SEED_7,0,2026-06-02 04:35:35.193219+00
A6,N0P84,SEED_71,1,2026-06-02 04:35:35.193219+00
A6,N0P84,SEED_73,0,2026-06-02 04:35:35.193219+00
A6,N0P84,SEED_78,0,2026-06-02 04:35:35.193219+00
A6,N0P84,SEED_87,1,2026-06-02 04:35:35.193219+00
A6,N0P84,SEED_88,0,2026-06-02 04:35:35.193219+00
A6,N0P84,SEED_89,0,2026-06-02 04:35:35.193219+00
A6,N0P84,SEED_90,1,2026-06-02 04:35:35.193219+00
A6,N0P84,SEED_93,0,2026-06-02 04:35:35.193219+00
A6,N0P84,SEED_94,0,2026-06-02 04:35:35.193219+00
A6,N0P84,SEED_99,0,2026-06-02 04:35:35.193219+00
A7,N0P95,SEED_0,1,2026-05-20 20:36:16.889451+00
A7,N0P95,SEED_10,0,2026-05-20 20:36:16.889451+00
A7,N0P95,SEED_109,1,2026-05-20 20:36:16.889451+00
A7,N0P95,SEED_111,1,2026-05-20 20:36:16.889451+00
A7,N0P95,SEED_114,0,2026-05-20 20:36:16.889451+00
A7,N0P95,SEED_117,0,2026-05-20 20:36:16.889451+00
A7,N0P95,SEED_118,0,2026-05-20 20:36:16.889451+00
A7,N0P95,SEED_15,1,2026-05-20 20:36:16.889451+00
A7,N0P95,SEED_16,0,2026-05-20 20:36:16.889451+00
A7,N0P95,SEED_17,1,2026-05-20 20:36:16.889451+00
A7,N0P95,SEED_2,0,2026-05-20 20:36:16.889451+00
A7,N0P95,SEED_22,0,2026-05-20 20:36:16.889451+00
A7,N0P95,SEED_28,0,2026-05-20 20:36:16.889451+00
A7,N0P95,SEED_38,0,2026-05-20 20:36:16.889451+00
A7,N0P95,SEED_44,0,2026-05-20 20:36:16.889451+00
A7,N0P95,SEED_47,0,2026-05-20 20:36:16.889451+00
A7,N0P95,SEED_48,1,2026-05-20 20:36:16.889451+00
A7,N0P95,SEED_50,0,2026-05-20 20:36:16.889451+00
A7,N0P95,SEED_54,0,2026-05-20 20:36:16.889451+00
A7,N0P95,SEED_57,1,2026-05-20 20:36:16.889451+00
A7,N0P95,SEED_59,0,2026-05-20 20:36:16.889451+00
A7,N0P95,SEED_67,0,2026-05-20 20:36:16.889451+00
A7,N0P95,SEED_68,1,2026-05-20 20:36:16.889451+00
A7,N0P95,SEED_69,1,2026-05-20 20:36:16.889451+00
A7,N0P95,SEED_83,0,2026-05-20 20:36:16.889451+00
A7,N0P95,SEED_84,0,2026-05-20 20:36:16.889451+00
A7,N0P95,SEED_86,0,2026-05-20 20:36:16.889451+00
A7,N0P95,SEED_87,0,2026-05-20 20:36:16.889451+00
A7,N0P95,SEED_93,1,2026-05-20 20:36:16.889451+00
A7,N0P95,SEED_96,0,2026-05-20 20:36:16.889451+00
A8,N0P27,SEED_1,0,2026-06-05 00:13:46.128154+00
A8,N0P27,SEED_102,0,2026-06-05 00:13:46.128154+00
A8,N0P27,SEED_106,1,2026-06-05 00:13:46.128154+00
A8,N0P27,SEED_109,0,2026-06-05 00:13:46.128154+00
A8,N0P27,SEED_111,1,2026-06-05 00:13:46.128154+00
A8,N0P27,SEED_113,0,2026-06-05 00:13:46.128154+00
A8,N0P27,SEED_115,0,2026-06-05 00:13:46.128154+00
A8,N0P27,SEED_13,1,2026-06-05 00:13:46.128154+00
A8,N0P27,SEED_14,1,2026-06-05 00:13:46.128154+00
A8,N0P27,SEED_16,0,2026-06-05 00:13:46.128154+00
A8,N0P27,SEED_19,0,2026-06-05 00:13:46.128154+00
A8,N0P27,SEED_23,1,2026-06-05 00:13:46.128154+00
A8,N0P27,SEED_32,0,2026-06-05 00:13:46.128154+00
A8,N0P27,SEED_36,0,2026-06-05 00:13:46.128154+00
A8,N0P27,SEED_37,0,2026-06-05 00:13:46.128154+00
A8,N0P27,SEED_43,0,2026-06-05 00:13:46.128154+00
A8,N0P27,SEED_51,0,2026-06-05 00:13:46.128154+00
A8,N0P27,SEED_56,0,2026-06-05 00:13:46.128154+00
A8,N0P27,SEED_6,1,2026-06-05 00:13:46.128154+00
A8,N0P27,SEED_60,0,2026-06-05 00:13:46.128154+00
A8,N0P27,SEED_61,1,2026-06-05 00:13:46.128154+00
A8,N0P27,SEED_62,0,2026-06-05 00:13:46.128154+00
A8,N0P27,SEED_73,0,2026-06-05 00:13:46.128154+00
A8,N0P27,SEED_8,0,2026-06-05 00:13:46.128154+00
A8,N0P27,SEED_80,0,2026-06-05 00:13:46.128154+00
A8,N0P27,SEED_81,0,2026-06-05 00:13:46.128154+00
A8,N0P27,SEED_87,0,2026-06-05 00:13:46.128154+00
A8,N0P27,SEED_89,1,2026-06-05 00:13:46.128154+00
A8,N0P27,SEED_9,0,2026-06-05 00:13:46.128154+00
A8,N0P27,SEED_96,1,2026-06-05 00:13:46.128154+00
A8,N0P80,SEED_1,0,2026-06-04 14:22:49.459461+00
A8,N0P80,SEED_107,0,2026-06-04 14:22:49.459461+00
A8,N0P80,SEED_111,1,2026-06-04 14:22:49.459461+00
A8,N0P80,SEED_112,0,2026-06-04 14:22:49.459461+00
A8,N0P80,SEED_113,0,2026-06-04 14:22:49.459461+00
A8,N0P80,SEED_13,0,2026-06-04 14:22:49.459461+00
A8,N0P80,SEED_17,0,2026-06-04 14:22:49.459461+00
A8,N0P80,SEED_27,1,2026-06-04 14:22:49.459461+00
A8,N0P80,SEED_30,1,2026-06-04 14:22:49.459461+00
A8,N0P80,SEED_33,1,2026-06-04 14:22:49.459461+00
A8,N0P80,SEED_36,1,2026-06-04 14:22:49.459461+00
A8,N0P80,SEED_45,0,2026-06-04 14:22:49.459461+00
A8,N0P80,SEED_46,0,2026-06-04 14:22:49.459461+00
A8,N0P80,SEED_5,1,2026-06-04 14:22:49.459461+00
A8,N0P80,SEED_51,0,2026-06-04 14:22:49.459461+00
A8,N0P80,SEED_55,0,2026-06-04 14:22:49.459461+00
A8,N0P80,SEED_58,0,2026-06-04 14:22:49.459461+00
A8,N0P80,SEED_6,1,2026-06-04 14:22:49.459461+00
A8,N0P80,SEED_60,0,2026-06-04 14:22:49.459461+00
A8,N0P80,SEED_63,0,2026-06-04 14:22:49.459461+00
A8,N0P80,SEED_64,0,2026-06-04 14:22:49.459461+00
A8,N0P80,SEED_68,0,2026-06-04 14:22:49.459461+00
A8,N0P80,SEED_72,0,2026-06-04 14:22:49.459461+00
A8,N0P80,SEED_74,0,2026-06-04 14:22:49.459461+00
A8,N0P80,SEED_76,1,2026-06-04 14:22:49.459461+00
A8,N0P80,SEED_83,1,2026-06-04 14:22:49.459461+00
A8,N0P80,SEED_86,0,2026-06-04 14:22:49.459461+00
A8,N0P80,SEED_93,0,2026-06-04 14:22:49.459461+00
A8,N0P80,SEED_95,0,2026-06-04 14:22:49.459461+00
A8,N0P80,SEED_96,0,2026-06-04 14:22:49.459461+00
